AOU,nAbsentSitesAllyr,totsites,ngoodsites,Seq,English_Common_Name,Freanch_Common_Name,Spanish_Common_Name,ORDER,Family,Genus,Species,ScientificName,SpecID,PassNonPass,IOCOrder,BLFamilyLatin,BLFamilyEnglish,BLFamSequID,Taxo,mixed_name,Diet.5Cat,Diet.Certainty,Strat.7Cat,ForStrat.SpecLevel,Nocturnal,PelagicSpecialist,edit.source,IUCN_status,comments
10,1159,1227,5,128,Western Grebe,Grèbe élégant,Aechmophorus occidentalis,Podicipediformes,Podicipedidae,Aechmophorus,occidentalis,Aechmophorus occidentalis,5024,Nonpasseriformes,Podicipediformes,Podicipedidae,Grebes,21,BL3,Western Grebe,VertFishScav,A,watbelowsurf,1,0,0,,LC,
20,1176,1227,5,126,Red-necked Grebe,Grèbe jougris,Podiceps grisegena,Podicipediformes,Podicipedidae,Podiceps,grisegena,Podiceps grisegena,5010,Nonpasseriformes,Podicipediformes,Podicipedidae,Grebes,21,BL3,Red-necked Grebe,Omnivore,A,watbelowsurf,1,0,0,,LC,
40,1153,1227,4,127,Eared Grebe,Grèbe à cou noir,Podiceps nigricollis,Podicipediformes,Podicipedidae,Podiceps,nigricollis,Podiceps nigricollis,5015,Nonpasseriformes,Podicipediformes,Podicipedidae,Grebes,21,BL3,Black-necked Grebe,Invertebrate,A,watbelowsurf,1,0,0,,LC,
60,969,1227,11,124,Pied-billed Grebe,Grèbe à bec bigarré,Podilymbus podiceps,Podicipediformes,Podicipedidae,Podilymbus,podiceps,Podilymbus podiceps,5005,Nonpasseriformes,Podicipediformes,Podicipedidae,Grebes,21,BL3,Pied-billed Grebe,Invertebrate,A,watbelowsurf,1,0,0,,LC,
70,1014,1227,20,487,Common Loon,Plongeon huard,Gavia immer,Gaviiformes,Gaviidae,Gavia,immer,Gavia immer,5446,Nonpasseriformes,Gaviiformes,Gaviidae,Loons or divers,16,BL3,Common Loon,VertFishScav,A,wataroundsurf,1,0,0,,LC,
230,1218,1227,2,410,Marbled Murrelet,Guillemot marbré,Brachyramphus marmoratus,Charadriiformes,Alcidae,Brachyramphus,marmoratus,Brachyramphus marmoratus,4517,Nonpasseriformes,Charadriiformes,Alcidae,Auks,63,BL3,Marbled Murrelet,Invertebrate,A,watbelowsurf,1,0,1,,EN,
440,1209,1227,5,451,Glaucous-winged Gull,Goéland à ailes grises,Larus glaucescens,Charadriiformes,Laridae,Larus,glaucescens,Larus glaucescens,4386,Nonpasseriformes,Charadriiformes,Laridae,Gulls and terns,61,BL3,Glaucous-winged Gull,VertFishScav,A,mixed,1,0,1,,LC,
510,1101,1227,10,446,Herring Gull,Goéland argenté,Larus argentatus,Charadriiformes,Laridae,Larus,argentatus,Larus argentatus,4396,Nonpasseriformes,Charadriiformes,Laridae,Gulls and terns,61,BL3,Herring Gull,VertFishScav,A,mixed,1,0,1,,LC,
530,1137,1227,8,445,California Gull,Goéland de Californie,Larus californicus,Charadriiformes,Laridae,Larus,californicus,Larus californicus,4383,Nonpasseriformes,Charadriiformes,Laridae,Gulls and terns,61,BL3,California Gull,Omnivore,A,ground,1,0,0,,LC,
540,926,1227,38,442,Ring-billed Gull,Goéland à bec cerclé,Larus delawarensis,Charadriiformes,Laridae,Larus,delawarensis,Larus delawarensis,4381,Nonpasseriformes,Charadriiformes,Laridae,Gulls and terns,61,BL3,Ring-billed Gull,VertFishScav,A,ground,1,0,0,,LC,
580,1175,1227,17,436,Laughing Gull,Mouette atricille,Leucophaeus atricilla,Charadriiformes,Laridae,Leucophaeus,atricilla,Leucophaeus atricilla,4433,Nonpasseriformes,Charadriiformes,Laridae,Gulls and terns,61,BL3,Larus atricilla,VertFishScav,A,mixed,1,0,1,,LC,
640,1167,1227,2,467,Caspian Tern,Sterne caspienne,Hydroprogne caspia,Charadriiformes,Laridae,Hydroprogne,caspia,Hydroprogne caspia,4447,Nonpasseriformes,Charadriiformes,Laridae,Gulls and terns,61,BL3,Sterna caspia,VertFishScav,A,watbelowsurf,1,0,1,,LC,
650,1213,1227,3,475,Royal Tern,Sterne royale,Thalasseus maximus,Charadriiformes,Laridae,Thalasseus,maximus,Thalasseus maximus,4449,Nonpasseriformes,Charadriiformes,Laridae,Gulls and terns,61,BL3,Sterna maxima,VertFishScav,A,wataroundsurf,1,0,1,,LC,
690,1146,1227,3,474,Forster's Tern,Sterne de Forster,Sterna forsteri,Charadriiformes,Laridae,Sterna,forsteri,Sterna forsteri,4469,Nonpasseriformes,Charadriiformes,Laridae,Gulls and terns,61,BL3,Forster's Tern,VertFishScav,A,watbelowsurf,1,0,0,,LC,
770,1126,1227,8,468,Black Tern,Guifette noire,Chlidonias niger,Charadriiformes,Laridae,Chlidonias,niger,Chlidonias niger,4488,Nonpasseriformes,Charadriiformes,Laridae,Gulls and terns,61,BL3,Black Tern,VertFishScav,A,wataroundsurf,1,0,0,,LC,
1200,840,1227,18,568,Double-crested Cormorant,Cormoran à aigrettes,Phalacrocorax auritus,Suliformes,Phalacrocoracidae,Phalacrocorax,auritus,Phalacrocorax auritus,5090,Nonpasseriformes,Suliformes,Phalacrocoracidae,Cormorants,32,BL3,Double-crested Cormorant,VertFishScav,A,watbelowsurf,1,0,0,,LC,
1250,1113,1227,8,576,American White Pelican,Pélican d'Amérique,Pelecanus erythrorhynchos,Pelecaniformes,Pelecanidae,Pelecanus,erythrorhynchos,Pelecanus erythrorhynchos,5339,Nonpasseriformes,Pelecaniformes,Pelecanidae,Pelicans,30,BL3,American White Pelican,VertFishScav,A,watbelowsurf,1,0,0,,LC,
1260,1211,1227,4,577,Brown Pelican,Pélican brun,Pelecanus occidentalis,Pelecaniformes,Pelecanidae,Pelecanus,occidentalis,Pelecanus occidentalis,5340,Nonpasseriformes,Pelecaniformes,Pelecanidae,Pelicans,30,BL3,Brown Pelican,VertFishScav,A,watbelowsurf,1,0,0,,LC,
1290,951,1227,2,74,Common Merganser,Grand Harle,Mergus merganser,Anseriformes,Anatidae,Mergus,merganser,Mergus merganser,767,Nonpasseriformes,Anseriformes,Anatidae,"Ducks, geese and swans",14,BL3,Common Merganser,VertFishScav,A,watbelowsurf,1,0,0,,LC,
1320,271,1227,148,40,Mallard,Canard colvert,Anas platyrhynchos,Anseriformes,Anatidae,Anas,platyrhynchos,Anas platyrhynchos,679,Nonpasseriformes,Anseriformes,Anatidae,"Ducks, geese and swans",14,BL3,Mallard,Omnivore,A,wataroundsurf,1,0,0,,LC,
1330,1125,1227,2,42,American Black Duck,Canard noir,Anas rubripes,Anseriformes,Anatidae,Anas,rubripes,Anas rubripes,677,Nonpasseriformes,Anseriformes,Anatidae,"Ducks, geese and swans",14,BL3,American Black Duck,PlantSeed,A,wataroundsurf,1,0,0,,LC,
1350,1041,1227,34,35,Gadwall,Canard chipeau,Mareca strepera,Anseriformes,Anatidae,Mareca,strepera,Mareca strepera,671,Nonpasseriformes,Anseriformes,Anatidae,"Ducks, geese and swans",14,BL3,Anas strepera,PlantSeed,A,wataroundsurf,1,0,0,,LC,
1370,1087,1227,13,38,American Wigeon,Canard d'Amérique,Mareca americana,Anseriformes,Anatidae,Mareca,americana,Mareca americana,674,Nonpasseriformes,Anseriformes,Anatidae,"Ducks, geese and swans",14,BL3,Anas americana,PlantSeed,A,mixed,1,0,0,,LC,
1390,1014,1227,3,47,Green-winged Teal,Sarcelle d'hiver,Anas crecca,Anseriformes,Anatidae,Anas,crecca,Anas crecca,714,Nonpasseriformes,Anseriformes,Anatidae,"Ducks, geese and swans",14,BL3,Common Teal,PlantSeed,A,wataroundsurf,1,0,0,,LC,
1400,958,1227,24,32,Blue-winged Teal,Sarcelle à ailes bleues,Spatula discors,Anseriformes,Anatidae,Spatula,discors,Spatula discors,690,Nonpasseriformes,Anseriformes,Anatidae,"Ducks, geese and swans",14,BL3,Anas discors,PlantSeed,A,wataroundsurf,1,0,0,,LC,
1410,1112,1227,7,33,Cinnamon Teal,Sarcelle cannelle,Spatula cyanoptera,Anseriformes,Anatidae,Spatula,cyanoptera,Spatula cyanoptera,691,Nonpasseriformes,Anseriformes,Anatidae,"Ducks, geese and swans",14,BL3,Anas cyanoptera,PlantSeed,A,wataroundsurf,1,0,0,,LC,
1420,1061,1227,17,34,Northern Shoveler,Canard souchet,Spatula clypeata,Anseriformes,Anatidae,Spatula,clypeata,Spatula clypeata,695,Nonpasseriformes,Anseriformes,Anatidae,"Ducks, geese and swans",14,BL3,Anas clypeata,Invertebrate,A,wataroundsurf,1,0,0,,LC,
1430,1082,1227,12,46,Northern Pintail,Canard pilet,Anas acuta,Anseriformes,Anatidae,Anas,acuta,Anas acuta,708,Nonpasseriformes,Anseriformes,Anatidae,"Ducks, geese and swans",14,BL3,Northern Pintail,PlantSeed,A,wataroundsurf,1,0,0,,LC,
1440,461,1227,6,29,Wood Duck,Canard branchu,Aix sponsa,Anseriformes,Anatidae,Aix,sponsa,Aix sponsa,659,Nonpasseriformes,Anseriformes,Anatidae,"Ducks, geese and swans",14,BL3,Wood Duck,PlantSeed,A,wataroundsurf,1,0,0,,LC,
1460,1113,1227,7,49,Redhead,Fuligule à tête rouge,Aythya americana,Anseriformes,Anatidae,Aythya,americana,Aythya americana,729,Nonpasseriformes,Anseriformes,Anatidae,"Ducks, geese and swans",14,BL3,Redhead,PlantSeed,A,mixed,1,0,0,,LC,
1490,1105,1227,12,54,Lesser Scaup,Petit Fuligule,Aythya affinis,Anseriformes,Anatidae,Aythya,affinis,Aythya affinis,739,Nonpasseriformes,Anseriformes,Anatidae,"Ducks, geese and swans",14,BL3,Lesser Scaup,PlantSeed,A,watbelowsurf,1,0,0,,LC,
1500,1099,1227,4,51,Ring-necked Duck,Fuligule à collier,Aythya collaris,Anseriformes,Anatidae,Aythya,collaris,Aythya collaris,730,Nonpasseriformes,Anseriformes,Anatidae,"Ducks, geese and swans",14,BL3,Ring-necked Duck,PlantSeed,A,wataroundsurf,1,0,0,,LC,
1510,1167,1227,2,69,Common Goldeneye,Garrot à oeil d'or,Bucephala clangula,Anseriformes,Anatidae,Bucephala,clangula,Bucephala clangula,757,Nonpasseriformes,Anseriformes,Anatidae,"Ducks, geese and swans",14,BL3,Common Goldeneye,Invertebrate,A,watbelowsurf,1,0,0,,LC,
1530,1165,1227,2,68,Bufflehead,Petit Garrot,Bucephala albeola,Anseriformes,Anatidae,Bucephala,albeola,Bucephala albeola,760,Nonpasseriformes,Anseriformes,Anatidae,"Ducks, geese and swans",14,BL3,Bufflehead,Invertebrate,A,watbelowsurf,1,0,0,,LC,
1670,1110,1227,5,77,Ruddy Duck,Érismature rousse,Oxyura jamaicensis,Anseriformes,Anatidae,Oxyura,jamaicensis,Oxyura jamaicensis,573,Nonpasseriformes,Anseriformes,Anatidae,"Ducks, geese and swans",14,BL3,Ruddy Duck,Invertebrate,A,watbelowsurf,1,0,0,,LC,
1720,267,1227,60,22,Canada Goose,Bernache du Canada,Branta canadensis,Anseriformes,Anatidae,Branta,canadensis,Branta canadensis,613,Nonpasseriformes,Anseriformes,Anatidae,"Ducks, geese and swans",14,BL3,Canada Goose,PlantSeed,A,ground,1,0,0,,LC,
1770,1174,1227,3,6,Black-bellied Whistling-Duck,Dendrocygne à ventre noir,Dendrocygna autumnalis,Anseriformes,Anatidae,Dendrocygna,autumnalis,Dendrocygna autumnalis,567,Nonpasseriformes,Anseriformes,Anatidae,"Ducks, geese and swans",14,BL3,Black-bellied Whistling-duck,PlantSeed,A,mixed,1,0,0,,LC,
1810,1167,1227,2,24,Trumpeter Swan,Cygne trompette,Cygnus buccinator,Anseriformes,Anatidae,Cygnus,buccinator,Cygnus buccinator,590,Nonpasseriformes,Anseriformes,Anatidae,"Ducks, geese and swans",14,BL3,Trumpeter Swan,PlantSeed,A,wataroundsurf,1,0,0,,LC,
1840,1145,1227,12,605,White Ibis,Ibis blanc,Eudocimus albus,Pelecaniformes,Threskiornithidae,Eudocimus,albus,Eudocimus albus,5284,Nonpasseriformes,Pelecaniformes,Threskiornithidae,Ibises and spoonbills,24,BL3,White Ibis,VertFishScav,A,ground,1,0,0,,LC,
1870,1173,1227,2,608,White-faced Ibis,Ibis à face blanche,Plegadis chihi,Pelecaniformes,Threskiornithidae,Plegadis,chihi,Plegadis chihi,5291,Nonpasseriformes,Pelecaniformes,Threskiornithidae,Ibises and spoonbills,24,BL3,White-faced Ibis,Invertebrate,A,wataroundsurf,1,0,0,,LC,
1900,980,1227,8,579,American Bittern,Butor d'Amérique,Botaurus lentiginosus,Pelecaniformes,Ardeidae,Botaurus,lentiginosus,Botaurus lentiginosus,5172,Nonpasseriformes,Pelecaniformes,Ardeidae,Herons and egrets,25,BL3,American Bittern,VertFishScav,A,wataroundsurf,1,0,0,,LC,
1940,188,1227,75,583,Great Blue Heron,Grand Héron,Ardea herodias,Pelecaniformes,Ardeidae,Ardea,herodias,Ardea herodias,5213,Nonpasseriformes,Pelecaniformes,Ardeidae,Herons and egrets,25,BL3,Great Blue Heron,VertFishScav,A,wataroundsurf,1,0,0,,LC,
1960,921,1227,42,586,Great Egret,Grande Aigrette,Ardea alba,Pelecaniformes,Ardeidae,Ardea,alba,Ardea alba,5230,Nonpasseriformes,Pelecaniformes,Ardeidae,Herons and egrets,25,BL3,Casmerodius albus,VertFishScav,A,mixed,1,0,0,,LC,
1970,1099,1227,6,591,Snowy Egret,Aigrette neigeuse,Egretta thula,Pelecaniformes,Ardeidae,Egretta,thula,Egretta thula,5205,Nonpasseriformes,Pelecaniformes,Ardeidae,Herons and egrets,25,BL3,Snowy Egret,Omnivore,A,wataroundsurf,1,0,0,,LC,
1990,1183,1227,4,593,Tricolored Heron,Aigrette tricolore,Egretta tricolor,Pelecaniformes,Ardeidae,Egretta,tricolor,Egretta tricolor,5194,Nonpasseriformes,Pelecaniformes,Ardeidae,Herons and egrets,25,BL3,Tricoloured Heron,VertFishScav,A,wataroundsurf,1,0,0,,LC,
2000,1065,1227,15,592,Little Blue Heron,Aigrette bleue,Egretta caerulea,Pelecaniformes,Ardeidae,Egretta,caerulea,Egretta caerulea,5196,Nonpasseriformes,Pelecaniformes,Ardeidae,Herons and egrets,25,BL3,Little Blue Heron,Invertebrate,A,wataroundsurf,1,0,0,,LC,
2001,1016,1227,44,595,Cattle Egret,Héron garde-boeufs,Bubulcus ibis,Pelecaniformes,Ardeidae,Bubulcus,ibis,Bubulcus ibis,5243,Nonpasseriformes,Pelecaniformes,Ardeidae,Herons and egrets,25,BL3,Cattle Egret,Invertebrate,A,ground,1,0,0,,LC,
2010,516,1227,17,597,Green Heron,Héron vert,Butorides virescens,Pelecaniformes,Ardeidae,Butorides,virescens,Butorides virescens,19921,Nonpasseriformes,Pelecaniformes,Ardeidae,Herons and egrets,25,BL3,Green Heron,VertFishScav,A,wataroundsurf,1,0,0,,LC,
2060,966,1227,54,299,Sandhill Crane,Grue du Canada,Antigone canadensis,Gruiformes,Gruidae,Antigone,canadensis,Antigone canadensis,3741,Nonpasseriformes,Gruiformes,Gruidae,Cranes,45,BL3,Grus canadensis,Omnivore,A,mixed,1,0,0,,LC,
2110,1210,1227,5,279,Clapper Rail,Râle tapageur,Rallus crepitans,Gruiformes,Rallidae,Rallus,crepitans,Rallus crepitans,3842,Nonpasseriformes,Gruiformes,Rallidae,"Rails, crakes and allies",42,BL3,Rallus longirostris,Omnivore,A,mixed,1,0,0,,LC,
2120,1098,1227,2,283,Virginia Rail,Râle de Virginie,Rallus limicola,Gruiformes,Rallidae,Rallus,limicola,Rallus limicola,3850,Nonpasseriformes,Gruiformes,Rallidae,"Rails, crakes and allies",42,BL3,Virginia Rail,Omnivore,A,mixed,1,0,0,,LC,
2140,968,1227,19,287,Sora,Marouette de Caroline,Porzana carolina,Gruiformes,Rallidae,Porzana,carolina,Porzana carolina,3890,Nonpasseriformes,Gruiformes,Rallidae,"Rails, crakes and allies",42,BL3,Sora,PlantSeed,A,mixed,1,0,0,,LC,
2190,1167,1227,2,293,Common Gallinule,Gallinule d'AmÈrique,Gallinula galeata,Gruiformes,Rallidae,Gallinula,galeata,Gallinula galeata,NA,NA,NA,NA,NA,NA,NA,NA,PlantSeed,NA,wataroundsurf,NA,NA,NA,https://birdsoftheworld.org/bow/species/comgal1/cur/foodhabits,LC,
2210,1006,1227,18,296,American Coot,Foulque d'Amérique,Fulica americana,Gruiformes,Rallidae,Fulica,americana,Fulica americana,3942,Nonpasseriformes,Gruiformes,Rallidae,"Rails, crakes and allies",42,BL3,American Coot,PlantSeed,A,mixed,1,0,0,,LC,
2240,1105,1227,9,393,Wilson's Phalarope,Phalarope de Wilson,Phalaropus tricolor,Charadriiformes,Scolopacidae,Phalaropus,tricolor,Phalaropus tricolor,4145,Nonpasseriformes,Charadriiformes,Scolopacidae,Sandpipers and allies,59,BL3,Steganopus tricolor,Invertebrate,A,wataroundsurf,1,0,0,,LC,
2250,1125,1227,4,305,American Avocet,Avocette d'Amérique,Recurvirostra americana,Charadriiformes,Recurvirostridae,Recurvirostra,americana,Recurvirostra americana,4224,Nonpasseriformes,Charadriiformes,Recurvirostridae,Stilts and avocets,53,BL3,American Avocet,Invertebrate,A,mixed,1,0,0,,LC,
2260,1148,1227,2,304,Black-necked Stilt,Échasse d'Amérique,Himantopus mexicanus,Charadriiformes,Recurvirostridae,Himantopus,mexicanus,Himantopus mexicanus,19902,Nonpasseriformes,Charadriiformes,Recurvirostridae,Stilts and avocets,53,BL3,Black-necked Stilt,Invertebrate,A,wataroundsurf,1,0,0,,LC,
2300,805,1227,119,376,Wilson's Snipe,BÈcassine de Wilson,Gallinago delicata,Charadriiformes,Scolopacidae,Gallinago,delicata,Gallinago delicata,NA,NA,NA,NA,NA,NA,NA,NA,Invertebrate,NA,ground,NA,NA,NA,https://birdsoftheworld.org/bow/species/wilsni1/cur/foodhabits,LC,
2490,1158,1227,23,339,Marbled Godwit,Barge marbrée,Limosa fedoa,Charadriiformes,Scolopacidae,Limosa,fedoa,Limosa fedoa,4077,Nonpasseriformes,Charadriiformes,Scolopacidae,Sandpipers and allies,59,BL3,Marbled Godwit,Invertebrate,A,ground,1,0,0,,LC,
2540,1205,1227,2,389,Greater Yellowlegs,Grand Chevalier,Tringa melanoleuca,Charadriiformes,Scolopacidae,Tringa,melanoleuca,Tringa melanoleuca,4096,Nonpasseriformes,Charadriiformes,Scolopacidae,Sandpipers and allies,59,BL3,Greater Yellowlegs,Invertebrate,A,wataroundsurf,1,0,0,,LC,
2550,1191,1227,3,384,Lesser Yellowlegs,Petit Chevalier,Tringa flavipes,Charadriiformes,Scolopacidae,Tringa,flavipes,Tringa flavipes,4097,Nonpasseriformes,Charadriiformes,Scolopacidae,Sandpipers and allies,59,BL3,Lesser Yellowlegs,Invertebrate,A,mixed,1,0,0,,LC,
2580,1125,1227,27,386,Willet,Chevalier semipalmé,Tringa semipalmata,Charadriiformes,Scolopacidae,Tringa,semipalmata,Tringa semipalmata,4107,Nonpasseriformes,Charadriiformes,Scolopacidae,Sandpipers and allies,59,BL3,Catoptrophorus semipalmatus,Invertebrate,A,wataroundsurf,1,0,0,,LC,
2610,983,1227,49,328,Upland Sandpiper,Maubèche des champs,Bartramia longicauda,Charadriiformes,Scolopacidae,Bartramia,longicauda,Bartramia longicauda,4090,Nonpasseriformes,Charadriiformes,Scolopacidae,Sandpipers and allies,59,BL3,Upland Sandpiper,Invertebrate,A,ground,1,0,0,,LC,
2630,780,1227,24,379,Spotted Sandpiper,Chevalier grivelé,Actitis macularius,Charadriiformes,Scolopacidae,Actitis,macularius,Actitis macularius,4104,Nonpasseriformes,Charadriiformes,Scolopacidae,Sandpipers and allies,59,BL3,Spotted Sandpiper,Invertebrate,A,ground,1,0,0,,LC,
2640,1118,1227,17,332,Long-billed Curlew,Courlis à long bec,Numenius americanus,Charadriiformes,Scolopacidae,Numenius,americanus,Numenius americanus,4088,Nonpasseriformes,Charadriiformes,Scolopacidae,Sandpipers and allies,59,BL3,Long-billed Curlew,Invertebrate,A,ground,1,0,0,,LC,
2730,103,1227,516,316,Killdeer,Pluvier kildir,Charadrius vociferus,Charadriiformes,Charadriidae,Charadrius,vociferus,Charadrius vociferus,4241,Nonpasseriformes,Charadriiformes,Charadriidae,Plovers,54,BL3,Killdeer,Invertebrate,A,ground,1,0,0,,LC,
2882,1191,1227,2,101,Chukar,Perdrix choukar,Alectoris chukar,Galliformes,Phasianidae,Alectoris,chukar,Alectoris chukar,241,Nonpasseriformes,Galliformes,Phasianidae,"Grouse, pheasants and partridges",11,BL3,Chukar,PlantSeed,A,ground,1,0,0,,LC,
2890,655,1227,242,91,Northern Bobwhite,Colin de Virginie,Colinus virginianus,Galliformes,Odontophoridae,Colinus,virginianus,Colinus virginianus,469,Nonpasseriformes,Galliformes,Odontophoridae,New World quails,10,BL3,Northern Bobwhite,PlantSeed,A,ground,1,0,0,,NT,
2920,1189,1227,8,86,Mountain Quail,Colin des montagnes,Oreortyx pictus,Galliformes,Odontophoridae,Oreortyx,pictus,Oreortyx pictus,463,Nonpasseriformes,Galliformes,Odontophoridae,New World quails,10,BL3,Mountain Quail,PlantSeed,A,ground,1,0,0,,LC,
2930,1162,1227,25,93,Scaled Quail,Colin écaillé,Callipepla squamata,Galliformes,Odontophoridae,Callipepla,squamata,Callipepla squamata,464,Nonpasseriformes,Galliformes,Odontophoridae,New World quails,10,BL3,Scaled Quail,PlantSeed,A,ground,1,0,0,,LC,
2940,1131,1227,38,95,California Quail,Colin de Californie,Callipepla californica,Galliformes,Odontophoridae,Callipepla,californica,Callipepla californica,466,Nonpasseriformes,Galliformes,Odontophoridae,New World quails,10,BL3,California Quail,PlantSeed,A,ground,1,0,0,,LC,
2950,1189,1227,26,96,Gambel's Quail,Colin de Gambel,Callipepla gambelii,Galliformes,Odontophoridae,Callipepla,gambelii,Callipepla gambelii,467,Nonpasseriformes,Galliformes,Odontophoridae,New World quails,10,BL3,Gambel's Quail,PlantSeed,A,ground,1,0,0,,LC,
2971,1199,1227,4,115,Sooty Grouse,Tétras fuligineux,Dendragapus fuliginosus,Galliformes,Phasianidae,Dendragapus,fuliginosus,Dendragapus fuliginosus,19811,Nonpasseriformes,Galliformes,Phasianidae,"Grouse, pheasants and partridges",11,BL3,Sooty Grouse,PlantSeed,A,ground,1,0,0,,LC,
3091,682,1227,146,105,Ring-necked Pheasant,Faisan de Colchide,Phasianus colchicus,Galliformes,Phasianidae,Phasianus,colchicus,Phasianus colchicus,393,Nonpasseriformes,Galliformes,Phasianidae,"Grouse, pheasants and partridges",11,BL3,Common Pheasant,PlantSeed,A,ground,1,0,0,,LC,
3100,364,1227,17,120,Wild Turkey,Dindon sauvage,Meleagris gallopavo,Galliformes,Phasianidae,Meleagris,gallopavo,Meleagris gallopavo,439,Nonpasseriformes,Galliformes,Phasianidae,"Grouse, pheasants and partridges",11,BL3,Wild Turkey,PlantSeed,A,ground,1,0,0,,LC,
3120,1149,1227,14,137,Band-tailed Pigeon,Pigeon à queue barrée,Patagioenas fasciata,Columbiformes,Columbidae,Patagioenas,fasciata,Patagioenas fasciata,3355,Nonpasseriformes,Columbiformes,Columbidae,Doves and pigeons,65,BL3,Band-tailed Pigeon,PlantSeed,A,mixed,1,0,0,,LC,
3131,294,1227,226,131,Rock Pigeon,Pigeon biset,Columba livia,Columbiformes,Columbidae,Columba,livia,Columba livia,3315,Nonpasseriformes,Columbiformes,Columbidae,Doves and pigeons,65,BL3,Rock Pigeon,PlantSeed,A,ground,1,0,0,,LC,
3160,58,1227,1036,160,Mourning Dove,Tourterelle triste,Zenaida macroura,Columbiformes,Columbidae,Zenaida,macroura,Zenaida macroura,3439,Nonpasseriformes,Columbiformes,Columbidae,Doves and pigeons,65,BL3,Mourning Dove,PlantSeed,A,ground,1,0,0,,LC,
3190,1113,1227,29,158,White-winged Dove,Tourterelle à ailes blanches,Zenaida asiatica,Columbiformes,Columbidae,Zenaida,asiatica,Zenaida asiatica,3443,Nonpasseriformes,Columbiformes,Columbidae,Doves and pigeons,65,BL3,White-winged Dove,PlantSeed,A,ground,1,0,0,,LC,
3200,1149,1227,18,145,Common Ground Dove,Colombe à queue noire,Columbina passerina,Columbiformes,Columbidae,Columbina,passerina,Columbina passerina,3449,Nonpasseriformes,Columbiformes,Columbidae,Doves and pigeons,65,BL3,Common Ground-dove,Omnivore,B,ground,1,0,0,,LC,
3210,1166,1227,6,144,Inca Dove,Colombe inca,Columbina inca,Columbiformes,Columbidae,Columbina,inca,Columbina inca,3447,Nonpasseriformes,Columbiformes,Columbidae,Doves and pigeons,65,BL3,Inca Dove,PlantSeed,B,ground,1,0,0,,LC,
3250,164,1227,240,612,Turkey Vulture,Urubu à tête rouge,Cathartes aura,Cathartiformes,Cathartidae,Cathartes,aura,Cathartes aura,5349,Nonpasseriformes,Accipitriformes,Cathartidae,New World vultures,34,BL3,Turkey Vulture,VertFishScav,A,ground,1,0,0,,LC,
3260,891,1227,47,611,Black Vulture,Urubu noir,Coragyps atratus,Cathartiformes,Cathartidae,Coragyps,atratus,Coragyps atratus,5348,Nonpasseriformes,Accipitriformes,Cathartidae,New World vultures,34,BL3,Black Vulture,VertFishScav,A,ground,1,0,0,,LC,
3290,1082,1227,4,640,Mississippi Kite,Milan du Mississippi,Ictinia mississippiensis,Accipitriformes,Accipitridae,Ictinia,mississippiensis,Ictinia mississippiensis,4618,Nonpasseriformes,Accipitriformes,Accipitridae,"Osprey, kites, hawks and eagles",36,BL3,Mississippi Kite,Invertebrate,A,aerial,1,0,0,,LC,
3310,715,1227,8,629,Northern Harrier,Busard des marais,Circus hudsonius,Accipitriformes,Accipitridae,Circus,hudsonius,Circus hudsonius,4696,Nonpasseriformes,Accipitriformes,Accipitridae,"Osprey, kites, hawks and eagles",36,BL3,Circus cyaneus,VertFishScav,A,ground,1,0,0,,LC,
3370,67,1227,153,658,Red-tailed Hawk,Buse à queue rousse,Buteo jamaicensis,Accipitriformes,Accipitridae,Buteo,jamaicensis,Buteo jamaicensis,4824,Nonpasseriformes,Accipitriformes,Accipitridae,"Osprey, kites, hawks and eagles",36,BL3,Red-tailed Hawk,VertFishScav,A,mixed,1,0,0,,LC,
3390,708,1227,42,653,Red-shouldered Hawk,Buse à épaulettes,Buteo lineatus,Accipitriformes,Accipitridae,Buteo,lineatus,Buteo lineatus,4808,Nonpasseriformes,Accipitriformes,Accipitridae,"Osprey, kites, hawks and eagles",36,BL3,Red-shouldered Hawk,VertFishScav,A,mixed,1,0,0,,LC,
3420,957,1227,50,656,Swainson's Hawk,Buse de Swainson,Buteo swainsoni,Accipitriformes,Accipitridae,Buteo,swainsoni,Buteo swainsoni,4814,Nonpasseriformes,Accipitriformes,Accipitridae,"Osprey, kites, hawks and eagles",36,BL3,Swainson's Hawk,VertFishScav,A,mixed,1,0,0,,LC,
3480,1113,1227,5,661,Ferruginous Hawk,Buse rouilleuse,Buteo regalis,Accipitriformes,Accipitridae,Buteo,regalis,Buteo regalis,4839,Nonpasseriformes,Accipitriformes,Accipitridae,"Osprey, kites, hawks and eagles",36,BL3,Ferruginous Hawk,VertFishScav,A,ground,1,0,0,,LC,
3490,1043,1227,2,624,Golden Eagle,Aigle royal,Aquila chrysaetos,Accipitriformes,Accipitridae,Aquila,chrysaetos,Aquila chrysaetos,4864,Nonpasseriformes,Accipitriformes,Accipitridae,"Osprey, kites, hawks and eagles",36,BL3,Golden Eagle,VertFishScav,A,ground,1,0,0,,LC,
3520,770,1227,7,637,Bald Eagle,Pygargue à tête blanche,Haliaeetus leucocephalus,Accipitriformes,Accipitridae,Haliaeetus,leucocephalus,Haliaeetus leucocephalus,4637,Nonpasseriformes,Accipitriformes,Accipitridae,"Osprey, kites, hawks and eagles",36,BL3,Bald Eagle,VertFishScav,A,mixed,1,0,0,,LC,
3600,279,1227,48,773,American Kestrel,Crécerelle d'Amérique,Falco sparverius,Falconiformes,Falconidae,Falco,sparverius,Falco sparverius,4950,Nonpasseriformes,Falconiformes,Falconidae,Falcons and caracaras,35,BL3,American Kestrel,Invertebrate,A,mixed,1,0,0,,LC,
3620,1190,1227,4,771,Crested Caracara,Caracara du Nord,Caracara cheriway,Falconiformes,Falconidae,Caracara,cheriway,Caracara cheriway,19915,Nonpasseriformes,Falconiformes,Falconidae,Falcons and caracaras,35,BL3,Crested Caracara,VertFishScav,A,ground,1,0,0,,LC,
3640,856,1227,20,617,Osprey,Balbuzard pêcheur,Pandion haliaetus,Accipitriformes,Pandionidae,Pandion,haliaetus,Pandion haliaetus,4562,Nonpasseriformes,Accipitriformes,Accipitridae,"Osprey, kites, hawks and eagles",36,BL3,Osprey,VertFishScav,A,wataroundsurf,1,0,0,,LC,
3680,697,1227,2,688,Barred Owl,Chouette rayée,Strix varia,Strigiformes,Strigidae,Strix,varia,Strix varia,2997,Nonpasseriformes,Strigiformes,Strigidae,Owls,71,BL3,Barred Owl,VertFishScav,A,ground,1,1,0,,LC,
3750,504,1227,2,675,Great Horned Owl,Grand-duc d'Amérique,Bubo virginianus,Strigiformes,Strigidae,Bubo,virginianus,Bubo virginianus,2961,Nonpasseriformes,Strigiformes,Strigidae,Owls,71,BL3,Great Horned Owl,VertFishScav,A,ground,1,1,0,,LC,
3780,1104,1227,5,684,Burrowing Owl,Chevêche des terriers,Athene cunicularia,Strigiformes,Strigidae,Athene,cunicularia,Athene cunicularia,3072,Nonpasseriformes,Strigiformes,Strigidae,Owls,71,BL3,Burrowing Owl,VertFishScav,A,ground,1,1,0,,LC,
3850,1103,1227,8,168,Greater Roadrunner,Grand Géocoucou,Geococcyx californianus,Cuculiformes,Cuculidae,Geococcyx,californianus,Geococcyx californianus,1889,Nonpasseriformes,Cuculiformes,Cuculidae,Cuckoos,67,BL3,Greater Roadrunner,VertFishScav,A,ground,1,0,0,,LC,
3870,501,1227,238,173,Yellow-billed Cuckoo,Coulicou à bec jaune,Coccyzus americanus,Cuculiformes,Cuculidae,Coccyzus,americanus,Coccyzus americanus,1858,Nonpasseriformes,Cuculiformes,Cuculidae,Cuckoos,67,BL3,Yellow-billed Cuckoo,Invertebrate,A,canopy,1,0,0,,LC,
3880,746,1227,3,175,Black-billed Cuckoo,Coulicou à bec noir,Coccyzus erythropthalmus,Cuculiformes,Cuculidae,Coccyzus,erythropthalmus,Coccyzus erythropthalmus,1857,Nonpasseriformes,Cuculiformes,Cuculidae,Cuckoos,67,BL3,Black-billed Cuckoo,Invertebrate,A,mixed,1,0,0,,LC,
3900,321,1227,6,717,Belted Kingfisher,Martin-pêcheur d'Amérique,Megaceryle alcyon,Coraciiformes,Alcedinidae,Megaceryle,alcyon,Megaceryle alcyon,1641,Nonpasseriformes,Coraciiformes,Alcedinidae,Kingfishers,85,BL3,Belted Kingfisher,VertFishScav,A,mixed,1,0,0,,LC,
3930,273,1227,53,750,Hairy Woodpecker,Pic chevelu,Dryobates villosus,Piciformes,Picidae,Dryobates,villosus,Dryobates villosus,965,Nonpasseriformes,Piciformes,Picidae,Woodpeckers,95,BL3,Picoides villosus,Invertebrate,A,mixed,1,0,0,,LC,
3940,212,1227,269,746,Downy Woodpecker,Pic mineur,Dryobates pubescens,Piciformes,Picidae,Dryobates,pubescens,Dryobates pubescens,960,Nonpasseriformes,Piciformes,Picidae,Woodpeckers,95,BL3,Picoides pubescens,Invertebrate,A,mixed,1,0,0,,LC,
3960,1138,1227,18,748,Ladder-backed Woodpecker,Pic arlequin,Dryobates scalaris,Piciformes,Picidae,Dryobates,scalaris,Dryobates scalaris,959,Nonpasseriformes,Piciformes,Picidae,Woodpeckers,95,BL3,Picoides scalaris,Invertebrate,A,mixed,1,0,0,,LC,
3970,1211,1227,9,747,Nuttall's Woodpecker,Pic de Nuttall,Dryobates nuttallii,Piciformes,Picidae,Dryobates,nuttallii,Dryobates nuttallii,958,Nonpasseriformes,Piciformes,Picidae,Woodpeckers,95,BL3,Picoides nuttallii,Invertebrate,A,mixed,1,0,0,,LC,
3990,1199,1227,3,751,White-headed Woodpecker,Pic à tête blanche,Dryobates albolarvatus,Piciformes,Picidae,Dryobates,albolarvatus,Dryobates albolarvatus,966,Nonpasseriformes,Piciformes,Picidae,Woodpeckers,95,BL3,Picoides albolarvatus,Invertebrate,A,mixed,1,0,0,,LC,
4020,933,1227,94,739,Yellow-bellied Sapsucker,Pic maculé,Sphyrapicus varius,Piciformes,Picidae,Sphyrapicus,varius,Sphyrapicus varius,900,Nonpasseriformes,Piciformes,Picidae,Woodpeckers,95,BL3,Yellow-bellied Sapsucker,Omnivore,A,mixed,1,0,0,,LC,
4021,1117,1227,14,740,Red-naped Sapsucker,Pic à nuque rouge,Sphyrapicus nuchalis,Piciformes,Picidae,Sphyrapicus,nuchalis,Sphyrapicus nuchalis,901,Nonpasseriformes,Piciformes,Picidae,Woodpeckers,95,BL3,Red-naped Sapsucker,Omnivore,A,mixed,1,0,0,,LC,
4030,1164,1227,10,741,Red-breasted Sapsucker,Pic à poitrine rouge,Sphyrapicus ruber,Piciformes,Picidae,Sphyrapicus,ruber,Sphyrapicus ruber,902,Nonpasseriformes,Piciformes,Picidae,Woodpeckers,95,BL3,Red-breasted Sapsucker,Invertebrate,A,canopy,1,0,0,,LC,
4050,411,1227,130,764,Pileated Woodpecker,Grand Pic,Dryocopus pileatus,Piciformes,Picidae,Dryocopus,pileatus,Dryocopus pileatus,1021,Nonpasseriformes,Piciformes,Picidae,Woodpeckers,95,BL3,Pileated Woodpecker,Invertebrate,A,mixed,1,0,0,,LC,
4060,685,1227,65,729,Red-headed Woodpecker,Pic à tête rouge,Melanerpes erythrocephalus,Piciformes,Picidae,Melanerpes,erythrocephalus,Melanerpes erythrocephalus,881,Nonpasseriformes,Piciformes,Picidae,Woodpeckers,95,BL3,Red-headed Woodpecker,Invertebrate,A,midhigh,1,0,0,,LC,
4070,1184,1227,17,730,Acorn Woodpecker,Pic glandivore,Melanerpes formicivorus,Piciformes,Picidae,Melanerpes,formicivorus,Melanerpes formicivorus,882,Nonpasseriformes,Piciformes,Picidae,Woodpeckers,95,BL3,Acorn Woodpecker,PlantSeed,A,canopy,1,0,0,,LC,
4090,535,1227,465,737,Red-bellied Woodpecker,Pic à ventre roux,Melanerpes carolinus,Piciformes,Picidae,Melanerpes,carolinus,Melanerpes carolinus,895,Nonpasseriformes,Piciformes,Picidae,Woodpeckers,95,BL3,Red-bellied Woodpecker,Omnivore,A,canopy,1,0,0,,LC,
4100,1209,1227,9,736,Golden-fronted Woodpecker,Pic à front doré,Melanerpes aurifrons,Piciformes,Picidae,Melanerpes,aurifrons,Melanerpes aurifrons,897,Nonpasseriformes,Piciformes,Picidae,Woodpeckers,95,BL3,Golden-fronted Woodpecker,Omnivore,A,midhigh,1,0,0,,LC,
4110,1215,1227,10,735,Gila Woodpecker,Pic des saguaros,Melanerpes uropygialis,Piciformes,Picidae,Melanerpes,uropygialis,Melanerpes uropygialis,894,Nonpasseriformes,Piciformes,Picidae,Woodpeckers,95,BL3,Gila Woodpecker,Omnivore,A,mixed,1,0,0,,LC,
4120,371,1227,266,758,(Yellow-shafted Flicker) Northern Flicker,Pic flamboyant (groupe auratus),Colaptes auratus auratus,Piciformes,Picidae,Colaptes,auratus auratus,Colaptes auratus auratus,NA,NA,NA,NA,NA,NA,NA,NA,Invertebrate,NA,ground,NA,NA,NA,https://birdsoftheworld.org/bow/species/norfli/cur/foodhabits,LC,
4130,943,1227,124,759,(Red-shafted Flicker) Northern Flicker,Pic flamboyant (groupe cafer),Colaptes auratus cafer,Piciformes,Picidae,Colaptes,auratus cafer,Colaptes auratus cafer,NA,NA,NA,NA,NA,NA,NA,NA,Invertebrate,NA,ground,NA,NA,NA,https://birdsoftheworld.org/bow/species/norfli/cur/foodhabits,LC,
4140,1218,1227,5,761,Gilded Flicker,Pic chrysoïde,Colaptes chrysoides,Piciformes,Picidae,Colaptes,chrysoides,Colaptes chrysoides,1003,Nonpasseriformes,Piciformes,Picidae,Woodpeckers,95,BL3,Gilded Flicker,Invertebrate,A,ground,1,0,0,,LC,
4160,1010,1227,36,187,Chuck-will's-widow,Engoulevent de Caroline,Antrostomus carolinensis,Caprimulgiformes,Caprimulgidae,Antrostomus,carolinensis,Antrostomus carolinensis,3228,Nonpasseriformes,Caprimulgiformes,Caprimulgidae,Nightjars,75,BL3,Caprimulgus carolinensis,Invertebrate,A,mixed,1,1,0,,NT,
4171,1030,1227,4,191,Eastern Whip-poor-will,Engoulevent bois-pourri,Antrostomus vociferus,Caprimulgiformes,Caprimulgidae,Antrostomus,vociferus,Antrostomus vociferus,NA,NA,NA,NA,NA,NA,NA,NA,Invertebrate,NA,aerial,NA,NA,NA,https://birdsoftheworld.org/bow/species/easwpw1/cur/foodhabits,NT,
4200,659,1227,88,179,Common Nighthawk,Engoulevent d'Amérique,Chordeiles minor,Caprimulgiformes,Caprimulgidae,Chordeiles,minor,Chordeiles minor,3215,Nonpasseriformes,Caprimulgiformes,Caprimulgidae,Nightjars,75,BL3,Common Nighthawk,Invertebrate,A,aerial,1,1,0,,LC,
4210,1185,1227,11,178,Lesser Nighthawk,Engoulevent minime,Chordeiles acutipennis,Caprimulgiformes,Caprimulgidae,Chordeiles,acutipennis,Chordeiles acutipennis,3214,Nonpasseriformes,Caprimulgiformes,Caprimulgidae,Nightjars,75,BL3,Lesser Nighthawk,Invertebrate,A,midhigh,1,1,0,,LC,
4230,463,1227,296,202,Chimney Swift,Martinet ramoneur,Chaetura pelagica,Apodiformes,Apodidae,Chaetura,pelagica,Chaetura pelagica,2399,Nonpasseriformes,Apodiformes,Apodidae,Swifts,77,BL3,Chimney Swift,Invertebrate,A,aerial,1,0,0,,VU,
4250,1126,1227,8,207,White-throated Swift,Martinet à gorge blanche,Aeronautes saxatalis,Apodiformes,Apodidae,Aeronautes,saxatalis,Aeronautes saxatalis,2408,Nonpasseriformes,Apodiformes,Apodidae,Swifts,77,BL3,White-throated Swift,Invertebrate,A,aerial,1,0,0,,LC,
4280,488,1227,38,232,Ruby-throated Hummingbird,Colibri à gorge rubis,Archilochus colubris,Apodiformes,Trochilidae,Archilochus,colubris,Archilochus colubris,2791,Nonpasseriformes,Apodiformes,Trochilidae,Hummingbirds,79,BL3,Ruby-throated Hummingbird,FruiNect,A,mixed,1,0,0,,LC,
4290,1103,1227,3,233,Black-chinned Hummingbird,Colibri à gorge noire,Archilochus alexandri,Apodiformes,Trochilidae,Archilochus,alexandri,Archilochus alexandri,2792,Nonpasseriformes,Apodiformes,Trochilidae,Hummingbirds,79,BL3,Black-chinned Hummingbird,FruiNect,A,mixed,1,0,0,,LC,
4310,1171,1227,6,236,Anna's Hummingbird,Colibri d'Anna,Calypte anna,Apodiformes,Trochilidae,Calypte,anna,Calypte anna,2793,Nonpasseriformes,Apodiformes,Trochilidae,Hummingbirds,79,BL3,Anna's Hummingbird,FruiNect,A,midhigh,1,0,0,,LC,
4320,1124,1227,29,240,Broad-tailed Hummingbird,Colibri à queue large,Selasphorus platycercus,Apodiformes,Trochilidae,Selasphorus,platycercus,Selasphorus platycercus,2812,Nonpasseriformes,Apodiformes,Trochilidae,Hummingbirds,79,BL3,Broad-tailed Hummingbird,FruiNect,A,understory,1,0,0,,LC,
4330,1140,1227,17,241,Rufous Hummingbird,Colibri roux,Selasphorus rufus,Apodiformes,Trochilidae,Selasphorus,rufus,Selasphorus rufus,2813,Nonpasseriformes,Apodiformes,Trochilidae,Hummingbirds,79,BL3,Rufous Hummingbird,FruiNect,A,understory,1,0,0,,NT,
4430,1099,1227,64,907,Scissor-tailed Flycatcher,Tyran à longue queue,Tyrannus forficatus,Passeriformes,Tyrannidae,Tyrannus,forficatus,Tyrannus forficatus,6193,Passeriformes,Passeriformes,Tyrannidae,Tyrant-flycatchers,105,BL3,Scissor-tailed Flycatcher,Invertebrate,A,midhigh,1,0,0,,LC,
4440,282,1227,401,904,Eastern Kingbird,Tyran tritri,Tyrannus tyrannus,Passeriformes,Tyrannidae,Tyrannus,tyrannus,Tyrannus tyrannus,6195,Passeriformes,Passeriformes,Tyrannidae,Tyrant-flycatchers,105,BL3,Eastern Kingbird,Invertebrate,A,understory,1,0,0,,LC,
4470,822,1227,165,902,Western Kingbird,Tyran de l'Ouest,Tyrannus verticalis,Passeriformes,Tyrannidae,Tyrannus,verticalis,Tyrannus verticalis,6192,Passeriformes,Passeriformes,Tyrannidae,Tyrant-flycatchers,105,BL3,Western Kingbird,Invertebrate,A,mixed,1,0,0,,LC,
4480,1148,1227,27,900,Cassin's Kingbird,Tyran de Cassin,Tyrannus vociferans,Passeriformes,Tyrannidae,Tyrannus,vociferans,Tyrannus vociferans,6190,Passeriformes,Passeriformes,Tyrannidae,Tyrant-flycatchers,105,BL3,Cassin's Kingbird,Invertebrate,A,midhigh,1,0,0,,LC,
4520,432,1227,414,885,Great Crested Flycatcher,Tyran huppé,Myiarchus crinitus,Passeriformes,Tyrannidae,Myiarchus,crinitus,Myiarchus crinitus,6168,Passeriformes,Passeriformes,Tyrannidae,Tyrant-flycatchers,105,BL3,Great Crested Flycatcher,Invertebrate,A,ground,1,0,0,,LC,
4530,1208,1227,7,886,Brown-crested Flycatcher,Tyran de Wied,Myiarchus tyrannulus,Passeriformes,Tyrannidae,Myiarchus,tyrannulus,Myiarchus tyrannulus,6169,Passeriformes,Passeriformes,Tyrannidae,Tyrant-flycatchers,105,BL3,Brown-crested Flycatcher,Invertebrate,A,understory,1,0,0,,LC,
4540,1060,1227,95,883,Ash-throated Flycatcher,Tyran à gorge cendrée,Myiarchus cinerascens,Passeriformes,Tyrannidae,Myiarchus,cinerascens,Myiarchus cinerascens,6166,Passeriformes,Passeriformes,Tyrannidae,Tyrant-flycatchers,105,BL3,Ash-throated Flycatcher,Invertebrate,A,understory,1,0,0,,LC,
4560,455,1227,436,937,Eastern Phoebe,Moucherolle phébi,Sayornis phoebe,Passeriformes,Tyrannidae,Sayornis,phoebe,Sayornis phoebe,6052,Passeriformes,Passeriformes,Tyrannidae,Tyrant-flycatchers,105,BL3,Eastern Phoebe,Invertebrate,A,mixed,1,0,0,,LC,
4570,964,1227,46,938,Say's Phoebe,Moucherolle à ventre roux,Sayornis saya,Passeriformes,Tyrannidae,Sayornis,saya,Sayornis saya,6053,Passeriformes,Passeriformes,Tyrannidae,Tyrant-flycatchers,105,BL3,Say's Phoebe,Invertebrate,A,mixed,1,0,0,,LC,
4580,1169,1227,13,936,Black Phoebe,Moucherolle noir,Sayornis nigricans,Passeriformes,Tyrannidae,Sayornis,nigricans,Sayornis nigricans,6054,Passeriformes,Passeriformes,Tyrannidae,Tyrant-flycatchers,105,BL3,Black Phoebe,Invertebrate,A,understory,1,0,0,,LC,
4590,939,1227,45,912,Olive-sided Flycatcher,Moucherolle à côtés olive,Contopus cooperi,Passeriformes,Tyrannidae,Contopus,cooperi,Contopus cooperi,6019,Passeriformes,Passeriformes,Tyrannidae,Tyrant-flycatchers,105,BL3,Olive-sided Flycatcher,Invertebrate,A,mixed,1,0,0,,NT,
4610,452,1227,424,915,Eastern Wood-Pewee,Pioui de l'Est,Contopus virens,Passeriformes,Tyrannidae,Contopus,virens,Contopus virens,6028,Passeriformes,Passeriformes,Tyrannidae,Tyrant-flycatchers,105,BL3,Eastern Wood-pewee,Invertebrate,A,mixed,1,0,0,,LC,
4620,906,1227,122,914,Western Wood-Pewee,Pioui de l'Ouest,Contopus sordidulus,Passeriformes,Tyrannidae,Contopus,sordidulus,Contopus sordidulus,6027,Passeriformes,Passeriformes,Tyrannidae,Tyrant-flycatchers,105,BL3,Western Wood-pewee,Invertebrate,A,mixed,1,0,0,,LC,
4630,1133,1227,7,918,Yellow-bellied Flycatcher,Moucherolle à ventre jaune,Empidonax flaviventris,Passeriformes,Tyrannidae,Empidonax,flaviventris,Empidonax flaviventris,6036,Passeriformes,Passeriformes,Tyrannidae,Tyrant-flycatchers,105,BL3,Yellow-bellied Flycatcher,Invertebrate,A,understory,1,0,0,,LC,
4640,1140,1227,20,931,Cordilleran Flycatcher,Moucherolle des ravins,Empidonax occidentalis,Passeriformes,Tyrannidae,Empidonax,occidentalis,Empidonax occidentalis,6048,Passeriformes,Passeriformes,Tyrannidae,Tyrant-flycatchers,105,BL3,Cordilleran Flycatcher,Invertebrate,A,mixed,1,0,0,,LC,
4641,1137,1227,34,930,Pacific-slope Flycatcher,Moucherolle côtier,Empidonax difficilis,Passeriformes,Tyrannidae,Empidonax,difficilis,Empidonax difficilis,6047,Passeriformes,Passeriformes,Tyrannidae,Tyrant-flycatchers,105,BL3,Pacific-slope Flycatcher,Invertebrate,A,midhigh,1,0,0,,LC,
4650,803,1227,138,919,Acadian Flycatcher,Moucherolle vert,Empidonax virescens,Passeriformes,Tyrannidae,Empidonax,virescens,Empidonax virescens,6037,Passeriformes,Passeriformes,Tyrannidae,Tyrant-flycatchers,105,BL3,Acadian Flycatcher,Invertebrate,A,mixed,1,0,0,,LC,
4660,652,1227,124,921,Willow Flycatcher,Moucherolle des saules,Empidonax traillii,Passeriformes,Tyrannidae,Empidonax,traillii,Empidonax traillii,6040,Passeriformes,Passeriformes,Tyrannidae,Tyrant-flycatchers,105,BL3,Willow Flycatcher,Invertebrate,A,understory,1,0,0,,LC,
4661,869,1227,145,920,Alder Flycatcher,Moucherolle des aulnes,Empidonax alnorum,Passeriformes,Tyrannidae,Empidonax,alnorum,Empidonax alnorum,6038,Passeriformes,Passeriformes,Tyrannidae,Tyrant-flycatchers,105,BL3,Alder Flycatcher,Invertebrate,A,midhigh,1,0,0,,LC,
4670,777,1227,169,924,Least Flycatcher,Moucherolle tchébec,Empidonax minimus,Passeriformes,Tyrannidae,Empidonax,minimus,Empidonax minimus,6042,Passeriformes,Passeriformes,Tyrannidae,Tyrant-flycatchers,105,BL3,Least Flycatcher,Invertebrate,A,understory,1,0,0,,LC,
4680,1091,1227,44,925,Hammond's Flycatcher,Moucherolle de Hammond,Empidonax hammondii,Passeriformes,Tyrannidae,Empidonax,hammondii,Empidonax hammondii,6043,Passeriformes,Passeriformes,Tyrannidae,Tyrant-flycatchers,105,BL3,Hammond's Flycatcher,Invertebrate,A,mixed,1,0,0,,LC,
4690,1075,1227,47,927,Dusky Flycatcher,Moucherolle sombre,Empidonax oberholseri,Passeriformes,Tyrannidae,Empidonax,oberholseri,Empidonax oberholseri,6045,Passeriformes,Passeriformes,Tyrannidae,Tyrant-flycatchers,105,BL3,American Dusky Flycatcher,Invertebrate,A,understory,1,0,0,,LC,
4691,1148,1227,14,926,Gray Flycatcher,Moucherolle gris,Empidonax wrightii,Passeriformes,Tyrannidae,Empidonax,wrightii,Empidonax wrightii,6044,Passeriformes,Passeriformes,Tyrannidae,Tyrant-flycatchers,105,BL3,Grey Flycatcher,Invertebrate,A,mixed,1,0,0,,LC,
4710,1196,1227,3,939,Vermilion Flycatcher,Moucherolle vermillon,Pyrocephalus rubinus,Passeriformes,Tyrannidae,Pyrocephalus,rubinus,Pyrocephalus rubinus,6058,Passeriformes,Passeriformes,Tyrannidae,Tyrant-flycatchers,105,BL3,Vermilion Flycatcher,Invertebrate,A,mixed,1,0,0,,LC,
4740,570,1227,324,1012,Horned Lark,Alouette hausse-col,Eremophila alpestris,Passeriformes,Alaudidae,Eremophila,alpestris,Eremophila alpestris,11535,Passeriformes,Passeriformes,Alaudidae,Larks,158,BL3,Horned Lark,Omnivore,A,ground,1,0,0,,LC,
4750,966,1227,131,998,Black-billed Magpie,Pie d'Amérique,Pica hudsonia,Passeriformes,Corvidae,Pica,hudsonia,Pica hudsonia,19563,Passeriformes,Passeriformes,Corvidae,Crows and jays,147,IOC27,Black-billed Magpie,Omnivore,A,ground,1,0,0,,LC,
4760,1219,1227,7,999,Yellow-billed Magpie,Pie à bec jaune,Pica nuttalli,Passeriformes,Corvidae,Pica,nuttalli,Pica nuttalli,8061,Passeriformes,Passeriformes,Corvidae,Crows and jays,147,BL3,Yellow-billed Magpie,Omnivore,A,ground,1,0,0,,VU,
4770,371,1227,727,988,Blue Jay,Geai bleu,Cyanocitta cristata,Passeriformes,Corvidae,Cyanocitta,cristata,Cyanocitta cristata,7977,Passeriformes,Passeriformes,Corvidae,Crows and jays,147,BL3,Blue Jay,Omnivore,A,mixed,1,0,0,,LC,
4780,1062,1227,78,987,Steller's Jay,Geai de Steller,Cyanocitta stelleri,Passeriformes,Corvidae,Cyanocitta,stelleri,Cyanocitta stelleri,7978,Passeriformes,Passeriformes,Corvidae,Crows and jays,147,BL3,Steller's Jay,Omnivore,A,mixed,1,0,0,,LC,
4812,1182,1227,30,991,California Scrub-Jay,Geai buissonnier,Aphelocoma californica,Passeriformes,Corvidae,Aphelocoma,californica,Aphelocoma californica,7983,Passeriformes,Passeriformes,Corvidae,Crows and jays,147,BL3,Western Scrub-jay,Omnivore,A,ground,1,0,0,,NT,https://www.nps.gov/places/000/island-scrub-jay.htm
4813,1144,1227,17,992,Woodhouse's Scrub-Jay,Geai de Woodhouse,Aphelocoma woodhouseii,Passeriformes,Corvidae,Aphelocoma,woodhouseii,Aphelocoma woodhouseii,NA,NA,NA,NA,NA,NA,NA,NA,Omnivore,NA,understory,NA,NA,NA,https://birdsoftheworld.org/bow/species/wooscj2/cur/foodhabits,LC,https://www.sdakotabirds.com/species/woodhouses_scrub_jay_info.htm
4840,1074,1227,27,973,Canada Jay,Mésangeai du Canada,Perisoreus canadensis,Passeriformes,Corvidae,Perisoreus,canadensis,Perisoreus canadensis,8036,Passeriformes,Passeriformes,Corvidae,Crows and jays,147,BL3,Grey Jay,Omnivore,A,ground,1,0,0,,LC,
4860,541,1227,248,1009,Common Raven,Grand Corbeau,Corvus corax,Passeriformes,Corvidae,Corvus,corax,Corvus corax,8124,Passeriformes,Passeriformes,Corvidae,Crows and jays,147,BL3,Common Raven,VertFishScav,A,ground,1,0,0,,LC,
4870,1178,1227,20,1008,Chihuahuan Raven,Corbeau à cou blanc,Corvus cryptoleucus,Passeriformes,Corvidae,Corvus,cryptoleucus,Corvus cryptoleucus,8120,Passeriformes,Passeriformes,Corvidae,Crows and jays,147,BL3,Chihuahuan Raven,Omnivore,A,ground,1,0,0,,LC,
4880,147,1227,892,1001,American Crow,Corneille d'Amérique,Corvus brachyrhynchos,Passeriformes,Corvidae,Corvus,brachyrhynchos,Corvus brachyrhynchos,8093,Passeriformes,Passeriformes,Corvidae,Crows and jays,147,BL3,American Crow,Omnivore,A,ground,1,0,0,,LC,https://www.iucnredlist.org/species/22705990/131945410
4881,1170,1227,5,1006,unid. American Crow / Fish Crow,unid Corneille d'AmÈrique / Corneille de rivage,Corvus brachyrhynchos / ossifragus,Passeriformes,Corvidae,Corvus,brachyrhynchos / ossifragus,Corvus brachyrhynchos / ossifragus,NA,NA,NA,NA,NA,NA,NA,NA,Omnivore,NA,ground,NA,NA,NA,species uncertain but both species are omnivores,LC,
4890,1218,1227,6,1002,Northwestern Crow,Corneille d'Alaska,Corvus caurinus,Passeriformes,Corvidae,Corvus,caurinus,Corvus caurinus,8092,Passeriformes,Passeriformes,Corvidae,Crows and jays,147,BL3,North-western Crow,Omnivore,A,ground,1,0,0,,LC,
4900,971,1227,66,1005,Fish Crow,Corneille de rivage,Corvus ossifragus,Passeriformes,Corvidae,Corvus,ossifragus,Corvus ossifragus,8094,Passeriformes,Passeriformes,Corvidae,Crows and jays,147,BL3,Fish Crow,Omnivore,A,ground,1,0,0,,LC,
4910,1112,1227,10,997,Clark's Nutcracker,Cassenoix d'Amérique,Nucifraga columbiana,Passeriformes,Corvidae,Nucifraga,columbiana,Nucifraga columbiana,8068,Passeriformes,Passeriformes,Corvidae,Crows and jays,147,BL3,Clark's Nutcracker,Omnivore,A,ground,1,0,0,,LC,
4920,1157,1227,19,986,Pinyon Jay,Geai des pinèdes,Gymnorhinus cyanocephalus,Passeriformes,Corvidae,Gymnorhinus,cyanocephalus,Gymnorhinus cyanocephalus,7976,Passeriformes,Passeriformes,Corvidae,Crows and jays,147,BL3,Pinyon Jay,Omnivore,A,mixed,1,0,0,,VU,
4930,99,1227,770,1186,European Starling,Étourneau sansonnet,Sturnus vulgaris,Passeriformes,Sturnidae,Sturnus,vulgaris,Sturnus vulgaris,9510,Passeriformes,Passeriformes,Sturnidae,Starlings,177,BL3,Common Starling,Omnivore,A,ground,1,0,0,,LC,
4940,764,1227,218,1345,Bobolink,Goglu des prés,Dolichonyx oryzivorus,Passeriformes,Icteridae,Dolichonyx,oryzivorus,Dolichonyx oryzivorus,13453,Passeriformes,Passeriformes,Icteridae,New World blackbirds,190,BL3,Bobolink,Invertebrate,A,ground,1,0,0,,LC,
4950,51,1227,763,1376,Brown-headed Cowbird,Vacher à tête brune,Molothrus ater,Passeriformes,Icteridae,Molothrus,ater,Molothrus ater,13450,Passeriformes,Passeriformes,Icteridae,New World blackbirds,190,BL3,Brown-headed Cowbird,PlantSeed,A,ground,1,0,0,,LC,
4960,1193,1227,2,1375,Bronzed Cowbird,Vacher bronzé,Molothrus aeneus,Passeriformes,Icteridae,Molothrus,aeneus,Molothrus aeneus,13449,Passeriformes,Passeriformes,Icteridae,New World blackbirds,190,BL3,Bronzed Cowbird,Invertebrate,A,ground,1,0,0,,LC,
4970,997,1227,61,1344,Yellow-headed Blackbird,Carouge à tête jaune,Xanthocephalus xanthocephalus,Passeriformes,Icteridae,Xanthocephalus,xanthocephalus,Xanthocephalus xanthocephalus,13397,Passeriformes,Passeriformes,Icteridae,New World blackbirds,190,BL3,Yellow-headed Blackbird,Invertebrate,B,ground,1,0,0,,EN,
4980,79,1227,920,1371,Red-winged Blackbird,Carouge à épaulettes,Agelaius phoeniceus,Passeriformes,Icteridae,Agelaius,phoeniceus,Agelaius phoeniceus,13402,Passeriformes,Passeriformes,Icteridae,New World blackbirds,190,BL3,Red-winged Blackbird,Omnivore,A,ground,1,0,0,,LC,
5000,1215,1227,2,1372,Tricolored Blackbird,Carouge de Californie,Agelaius tricolor,Passeriformes,Icteridae,Agelaius,tricolor,Agelaius tricolor,13406,Passeriformes,Passeriformes,Icteridae,New World blackbirds,190,BL3,Tricoloured Blackbird,Invertebrate,A,ground,1,0,0,,EN,
5010,461,1227,452,1346,Eastern Meadowlark,Sturnelle des prés,Sturnella magna,Passeriformes,Icteridae,Sturnella,magna,Sturnella magna,13416,Passeriformes,Passeriformes,Icteridae,New World blackbirds,190,BL3,Eastern Meadowlark,Invertebrate,A,ground,1,0,0,,NT,
5011,721,1227,278,1347,Western Meadowlark,Sturnelle de l'Ouest,Sturnella neglecta,Passeriformes,Icteridae,Sturnella,neglecta,Sturnella neglecta,13420,Passeriformes,Passeriformes,Icteridae,New World blackbirds,190,BL3,Western Meadowlark,Omnivore,A,ground,1,0,0,,LC,
5040,1164,1227,16,1370,Scott's Oriole,Oriole jaune-verdâtre,Icterus parisorum,Passeriformes,Icteridae,Icterus,parisorum,Icterus parisorum,13394,Passeriformes,Passeriformes,Icteridae,New World blackbirds,190,BL3,Scott's Oriole,Invertebrate,A,mixed,1,0,0,,LC,
5050,1200,1227,3,1357,Hooded Oriole,Oriole masqué,Icterus cucullatus,Passeriformes,Icteridae,Icterus,cucullatus,Icterus cucullatus,13383,Passeriformes,Passeriformes,Icteridae,New World blackbirds,190,BL3,Hooded Oriole,Omnivore,A,mixed,1,0,0,,LC,
5060,593,1227,190,1356,Orchard Oriole,Oriole des vergers,Icterus spurius,Passeriformes,Icteridae,Icterus,spurius,Icterus spurius,13384,Passeriformes,Passeriformes,Icteridae,New World blackbirds,190,BL3,Orchard Oriole,Omnivore,A,mixed,1,0,0,,LC,
5070,552,1227,300,1366,Baltimore Oriole,Oriole de Baltimore,Icterus galbula,Passeriformes,Icteridae,Icterus,galbula,Icterus galbula,13379,Passeriformes,Passeriformes,Icteridae,New World blackbirds,190,BL3,Baltimore Oriole,Invertebrate,A,mixed,1,0,0,,LC,
5080,956,1227,64,1361,Bullock's Oriole,Oriole de Bullock,Icterus bullockii,Passeriformes,Icteridae,Icterus,bullockii,Icterus bullockii,13381,Passeriformes,Passeriformes,Icteridae,New World blackbirds,190,BL3,Bullock's Oriole,Invertebrate,A,mixed,1,0,0,,LC,
5100,852,1227,184,1381,Brewer's Blackbird,Quiscale de Brewer,Euphagus cyanocephalus,Passeriformes,Icteridae,Euphagus,cyanocephalus,Euphagus cyanocephalus,13443,Passeriformes,Passeriformes,Icteridae,New World blackbirds,190,BL3,Brewer's Blackbird,Invertebrate,A,ground,1,0,0,,LC,
5110,274,1227,690,1382,Common Grackle,Quiscale bronzé,Quiscalus quiscula,Passeriformes,Icteridae,Quiscalus,quiscula,Quiscalus quiscula,13439,Passeriformes,Passeriformes,Icteridae,New World blackbirds,190,BL3,Common Grackle,Omnivore,A,ground,1,0,0,,NT,
5120,1080,1227,25,1384,Great-tailed Grackle,Quiscale à longue queue,Quiscalus mexicanus,Passeriformes,Icteridae,Quiscalus,mexicanus,Quiscalus mexicanus,13435,Passeriformes,Passeriformes,Icteridae,New World blackbirds,190,BL3,Great-tailed Grackle,Invertebrate,A,ground,1,0,0,,LC,
5130,1175,1227,17,1383,Boat-tailed Grackle,Quiscale des marais,Quiscalus major,Passeriformes,Icteridae,Quiscalus,major,Quiscalus major,13436,Passeriformes,Passeriformes,Icteridae,New World blackbirds,190,BL3,Boat-tailed Grackle,Omnivore,A,ground,1,0,0,,LC,
5140,992,1227,4,1221,Evening Grosbeak,Gros-bec errant,Coccothraustes vespertinus,Passeriformes,Fringillidae,Coccothraustes,vespertinus,Coccothraustes vespertinus,12417,Passeriformes,Passeriformes,Fringillidae,Finches and Hawaiian honeycreepers,188,BL3,Evening Grosbeak,PlantSeed,A,mixed,1,0,0,,VU,
5150,1156,1227,3,1224,Pine Grosbeak,Durbec des sapins,Pinicola enucleator,Passeriformes,Fringillidae,Pinicola,enucleator,Pinicola enucleator,12387,Passeriformes,Passeriformes,Fringillidae,Finches and Hawaiian honeycreepers,188,BL3,Pine Grosbeak,PlantSeed,A,midhigh,1,0,0,,LC,
5170,873,1227,70,1231,Purple Finch,Roselin pourpré,Haemorhous purpureus,Passeriformes,Fringillidae,Haemorhous,purpureus,Haemorhous purpureus,12367,Passeriformes,Passeriformes,Fringillidae,Finches and Hawaiian honeycreepers,188,BL3,Carpodacus purpureus,PlantSeed,A,mixed,1,0,0,,LC,
5180,1094,1227,17,1232,Cassin's Finch,Roselin de Cassin,Haemorhous cassinii,Passeriformes,Fringillidae,Haemorhous,cassinii,Haemorhous cassinii,12368,Passeriformes,Passeriformes,Fringillidae,Finches and Hawaiian honeycreepers,188,BL3,Carpodacus cassinii,PlantSeed,A,ground,1,0,0,,LC,
5190,234,1227,316,1230,House Finch,Roselin familier,Haemorhous mexicanus,Passeriformes,Fringillidae,Haemorhous,mexicanus,Haemorhous mexicanus,12369,Passeriformes,Passeriformes,Fringillidae,Finches and Hawaiian honeycreepers,188,BL3,Carpodacus mexicanus,PlantSeed,A,mixed,1,0,0,,LC,
5210,1016,1227,16,1239,Red Crossbill,Bec-croisé des sapins,Loxia curvirostra,Passeriformes,Fringillidae,Loxia,curvirostra,Loxia curvirostra,12392,Passeriformes,Passeriformes,Fringillidae,Finches and Hawaiian honeycreepers,188,BL3,Red Crossbill,PlantSeed,A,midhigh,1,0,0,,LC,
5220,1139,1227,2,1242,White-winged Crossbill,Bec-croisé bifascié,Loxia leucoptera,Passeriformes,Fringillidae,Loxia,leucoptera,Loxia leucoptera,12397,Passeriformes,Passeriformes,Fringillidae,Finches and Hawaiian honeycreepers,188,BL3,White-winged Crossbill,PlantSeed,A,midhigh,1,0,0,,LC,
5275,1221,1227,2,1238,unid. Common Redpoll / Hoary Redpoll,unid Sizerin flame / Sizerin blanch‚tre,Carduelis flammea / hornemanni,Passeriformes,Fringillidae,Carduelis,flammea / hornemanni,Carduelis flammea / hornemanni,NA,NA,NA,NA,NA,NA,NA,NA,PlantSeed,NA,mixed,NA,NA,NA,https://birdsoftheworld.org/bow/species/comred/cur/introduction,LC,
5280,1199,1227,11,1236,Common Redpoll,Sizerin flammé,Acanthis flammea,Passeriformes,Fringillidae,Acanthis,flammea,Acanthis flammea,12346,Passeriformes,Passeriformes,Fringillidae,Finches and Hawaiian honeycreepers,188,BL3,Carduelis flammea,PlantSeed,A,ground,1,0,0,,LC,
5290,292,1227,646,1251,American Goldfinch,Chardonneret jaune,Spinus tristis,Passeriformes,Fringillidae,Spinus,tristis,Spinus tristis,12332,Passeriformes,Passeriformes,Fringillidae,Finches and Hawaiian honeycreepers,188,BL3,Carduelis tristis,PlantSeed,A,mixed,1,0,0,,LC,
5300,1059,1227,26,1249,Lesser Goldfinch,Chardonneret mineur,Spinus psaltria,Passeriformes,Fringillidae,Spinus,psaltria,Spinus psaltria,12333,Passeriformes,Passeriformes,Fringillidae,Finches and Hawaiian honeycreepers,188,BL3,Carduelis psaltria,PlantSeed,A,mixed,1,0,0,,LC,
5330,887,1227,54,1246,Pine Siskin,Tarin des pins,Spinus pinus,Passeriformes,Fringillidae,Spinus,pinus,Spinus pinus,12318,Passeriformes,Passeriformes,Fringillidae,Finches and Hawaiian honeycreepers,188,BL3,Carduelis pinus,PlantSeed,A,mixed,1,0,0,,LC,
5360,1222,1227,3,1252,Lapland Longspur,Plectrophane lapon,Calcarius lapponicus,Passeriformes,Calcariidae,Calcarius,lapponicus,Calcarius lapponicus,12505,Passeriformes,Passeriformes,Emberizidae,"Buntings, American sparrows and allies",192,BL3,Lapland Longspur,Omnivore,A,ground,1,0,0,,LC,
5380,1192,1227,12,1253,Chestnut-collared Longspur,Plectrophane à ventre noir,Calcarius ornatus,Passeriformes,Calcariidae,Calcarius,ornatus,Calcarius ornatus,12507,Passeriformes,Passeriformes,Emberizidae,"Buntings, American sparrows and allies",192,BL3,Chestnut-collared Longspur,PlantSeed,A,ground,1,0,0,,VU,
5390,1213,1227,4,1255,McCown's Longspur,Plectrophane de McCown,Rhynchophanes mccownii,Passeriformes,Calcariidae,Rhynchophanes,mccownii,Rhynchophanes mccownii,12504,Passeriformes,Passeriformes,Emberizidae,"Buntings, American sparrows and allies",192,BL3,Calcarius mccownii,PlantSeed,A,ground,1,0,0,,LC,
5400,675,1227,210,1313,Vesper Sparrow,Bruant vespéral,Pooecetes gramineus,Passeriformes,Passerellidae,Pooecetes,gramineus,Pooecetes gramineus,12568,Passeriformes,Passeriformes,Emberizidae,"Buntings, American sparrows and allies",192,BL3,Vesper Sparrow,Omnivore,A,ground,1,0,0,,LC,
5420,597,1227,288,1320,Savannah Sparrow,Bruant des prés,Passerculus sandwichensis,Passeriformes,Passerellidae,Passerculus,sandwichensis,Passerculus sandwichensis,12534,Passeriformes,Passeriformes,Emberizidae,"Buntings, American sparrows and allies",192,BL3,Savannah Sparrow,Omnivore,D2,ground,1,0,0,,LC,
5450,1191,1227,3,1318,Baird's Sparrow,Bruant de Baird,Centronyx bairdii,Passeriformes,Passerellidae,Centronyx,bairdii,Centronyx bairdii,12553,Passeriformes,Passeriformes,Emberizidae,"Buntings, American sparrows and allies",192,BL3,Ammodramus bairdii,Omnivore,B,ground,1,0,0,,LC,
5460,598,1227,114,1277,Grasshopper Sparrow,Bruant sauterelle,Ammodramus savannarum,Passeriformes,Passerellidae,Ammodramus,savannarum,Ammodramus savannarum,12554,Passeriformes,Passeriformes,Emberizidae,"Buntings, American sparrows and allies",192,BL3,Grasshopper Sparrow,Invertebrate,A,ground,1,0,0,,LC,
5470,1111,1227,2,1319,Henslow's Sparrow,Bruant de Henslow,Centronyx henslowii,Passeriformes,Passerellidae,Centronyx,henslowii,Centronyx henslowii,12552,Passeriformes,Passeriformes,Emberizidae,"Buntings, American sparrows and allies",192,BL3,Ammodramus henslowii,Invertebrate,B,ground,1,0,0,,LC,
5480,1139,1227,8,1314,LeConte's Sparrow,Bruant de LeConte,Ammospiza leconteii,Passeriformes,Passerellidae,Ammospiza,leconteii,Ammospiza leconteii,NA,NA,NA,NA,NA,NA,NA,NA,PlantSeed,NA,ground,NA,NA,NA,https://birdsoftheworld.org/bow/species/lecspa/cur/foodhabits#feeding,LC,
5500,1215,1227,6,1315,Seaside Sparrow,Bruant maritime,Ammospiza maritima,Passeriformes,Passerellidae,Ammospiza,maritima,Ammospiza maritima,12542,Passeriformes,Passeriformes,Emberizidae,"Buntings, American sparrows and allies",192,BL3,Ammodramus maritimus,Invertebrate,A,ground,1,0,0,,LC,
5520,797,1227,121,1282,Lark Sparrow,Bruant à joues marron,Chondestes grammacus,Passeriformes,Passerellidae,Chondestes,grammacus,Chondestes grammacus,12569,Passeriformes,Passeriformes,Emberizidae,"Buntings, American sparrows and allies",192,BL3,Lark Sparrow,PlantSeed,A,ground,1,0,0,,LC,
5540,1084,1227,76,1305,White-crowned Sparrow,Bruant à couronne blanche,Zonotrichia leucophrys,Passeriformes,Passerellidae,Zonotrichia,leucophrys,Zonotrichia leucophrys,12526,Passeriformes,Passeriformes,Emberizidae,"Buntings, American sparrows and allies",192,BL3,White-crowned Sparrow,PlantSeed,A,ground,1,0,0,,LC,
5570,1213,1227,6,1306,Golden-crowned Sparrow,Bruant à couronne dorée,Zonotrichia atricapilla,Passeriformes,Passerellidae,Zonotrichia,atricapilla,Zonotrichia atricapilla,12527,Passeriformes,Passeriformes,Emberizidae,"Buntings, American sparrows and allies",192,BL3,Golden-crowned Sparrow,PlantSeed,A,ground,1,0,0,,LC,
5580,999,1227,128,1308,White-throated Sparrow,Bruant à gorge blanche,Zonotrichia albicollis,Passeriformes,Passerellidae,Zonotrichia,albicollis,Zonotrichia albicollis,12524,Passeriformes,Passeriformes,Emberizidae,"Buntings, American sparrows and allies",192,BL3,White-throated Sparrow,PlantSeed,A,ground,1,0,0,,LC,
5590,1209,1227,8,1294,American Tree Sparrow,Bruant hudsonien,Spizelloides arborea,Passeriformes,Passerellidae,Spizelloides,arborea,Spizelloides arborea,12559,Passeriformes,Passeriformes,Emberizidae,"Buntings, American sparrows and allies",192,BL3,Spizella arborea,Omnivore,A,ground,1,0,0,,LC,
5600,210,1227,774,1284,Chipping Sparrow,Bruant familier,Spizella passerina,Passeriformes,Passerellidae,Spizella,passerina,Spizella passerina,12560,Passeriformes,Passeriformes,Emberizidae,"Buntings, American sparrows and allies",192,BL3,Chipping Sparrow,PlantSeed,A,ground,1,0,0,,LC,
5610,1016,1227,91,1285,Clay-colored Sparrow,Bruant des plaines,Spizella pallida,Passeriformes,Passerellidae,Spizella,pallida,Spizella pallida,12562,Passeriformes,Passeriformes,Emberizidae,"Buntings, American sparrows and allies",192,BL3,Clay-coloured Sparrow,PlantSeed,A,ground,1,0,0,,LC,
5620,1077,1227,68,1288,Brewer's Sparrow,Bruant de Brewer,Spizella breweri,Passeriformes,Passerellidae,Spizella,breweri,Spizella breweri,12564,Passeriformes,Passeriformes,Emberizidae,"Buntings, American sparrows and allies",192,BL3,Brewer's Sparrow,Omnivore,A,ground,1,0,0,,LC,
5630,567,1227,349,1287,Field Sparrow,Bruant des champs,Spizella pusilla,Passeriformes,Passerellidae,Spizella,pusilla,Spizella pusilla,12565,Passeriformes,Passeriformes,Emberizidae,"Buntings, American sparrows and allies",192,BL3,Field Sparrow,PlantSeed,A,ground,1,0,0,,LC,
5650,1205,1227,4,1286,Black-chinned Sparrow,Bruant à menton noir,Spizella atrogularis,Passeriformes,Passerellidae,Spizella,atrogularis,Spizella atrogularis,12567,Passeriformes,Passeriformes,Emberizidae,"Buntings, American sparrows and allies",192,BL3,Black-chinned Sparrow,Omnivore,C,ground,1,0,0,,LC,
5660,1222,1227,4,1299,(White-winged Junco) Dark-eyed Junco,Junco ardoisÈ (‡ ailes blanches),Junco hyemalis aikeni,Passeriformes,Passerellidae,Junco,hyemalis aikeni,Junco hyemalis aikeni,NA,NA,NA,NA,NA,NA,NA,NA,PlantSeed,NA,ground,NA,NA,NA,https://birdsoftheworld.org/bow/species/daejun/cur/introduction,LC,
5670,1015,1227,78,1296,(Slate-colored Junco) Dark-eyed Junco,Junco ardoisÈ (groupe hyemalis),Junco hyemalis hyemalis,Passeriformes,Passerellidae,Junco,hyemalis hyemalis,Junco hyemalis hyemalis,NA,NA,NA,NA,NA,NA,NA,NA,PlantSeed,NA,ground,NA,NA,NA,https://birdsoftheworld.org/bow/species/daejun/cur/introduction,LC,
5671,1099,1227,80,1297,(Oregon Junco) Dark-eyed Junco,Junco ardoisÈ (groupe oreganus),Junco hyemalis oreganus,Passeriformes,Passerellidae,Junco,hyemalis oreganus,Junco hyemalis oreganus,NA,NA,NA,NA,NA,NA,NA,NA,PlantSeed,NA,ground,NA,NA,NA,https://birdsoftheworld.org/bow/species/daejun/cur/introduction,LC,
5690,1175,1227,23,1300,(Gray-headed Junco) Dark-eyed Junco,Junco ardoisÈ (‡ tÍte grise),Junco hyemalis caniceps,Passeriformes,Passerellidae,Junco,hyemalis caniceps,Junco hyemalis caniceps,NA,NA,NA,NA,NA,NA,NA,NA,PlantSeed,NA,ground,NA,NA,NA,https://birdsoftheworld.org/bow/species/daejun/cur/introduction,LC,
5730,1126,1227,49,1281,Black-throated Sparrow,Bruant à gorge noire,Amphispiza bilineata,Passeriformes,Passerellidae,Amphispiza,bilineata,Amphispiza bilineata,12570,Passeriformes,Passeriformes,Emberizidae,"Buntings, American sparrows and allies",192,BL3,Black-throated Sparrow,Omnivore,A,ground,1,0,0,,LC,
5738,1181,1227,15,1309,Sagebrush Sparrow,Bruant des armoises,Artemisiospiza nevadensis,Passeriformes,Passerellidae,Artemisiospiza,nevadensis,Artemisiospiza nevadensis,NA,NA,NA,NA,NA,NA,NA,NA,Omnivore,NA,ground,NA,NA,NA,https://birdsoftheworld.org/bow/species/sagspa1/cur/foodhabits#feeding,LC,
5750,1181,1227,4,1276,Bachman's Sparrow,Bruant des pinèdes,Peucaea aestivalis,Passeriformes,Passerellidae,Peucaea,aestivalis,Peucaea aestivalis,12584,Passeriformes,Passeriformes,Emberizidae,"Buntings, American sparrows and allies",192,BL3,Aimophila aestivalis,Invertebrate,A,ground,1,0,0,,NT,
5780,1122,1227,35,1275,Cassin's Sparrow,Bruant de Cassin,Peucaea cassinii,Passeriformes,Passerellidae,Peucaea,cassinii,Peucaea cassinii,12586,Passeriformes,Passeriformes,Emberizidae,"Buntings, American sparrows and allies",192,BL3,Aimophila cassinii,Invertebrate,A,ground,1,0,0,,LC,
5800,1170,1227,10,1333,Rufous-crowned Sparrow,Tohi à calotte fauve,Aimophila ruficeps,Passeriformes,Passerellidae,Aimophila,ruficeps,Aimophila ruficeps,12588,Passeriformes,Passeriformes,Emberizidae,"Buntings, American sparrows and allies",192,BL3,Rufous-crowned Sparrow,Omnivore,B,ground,1,0,0,,LC,
5810,348,1227,682,1322,Song Sparrow,Bruant chanteur,Melospiza melodia,Passeriformes,Passerellidae,Melospiza,melodia,Melospiza melodia,12517,Passeriformes,Passeriformes,Emberizidae,"Buntings, American sparrows and allies",192,BL3,Song Sparrow,Omnivore,A,ground,1,0,0,,LC,
5830,1030,1227,60,1323,Lincoln's Sparrow,Bruant de Lincoln,Melospiza lincolnii,Passeriformes,Passerellidae,Melospiza,lincolnii,Melospiza lincolnii,12519,Passeriformes,Passeriformes,Emberizidae,"Buntings, American sparrows and allies",192,BL3,Lincoln's Sparrow,Omnivore,A,ground,1,0,0,,LC,
5840,895,1227,99,1324,Swamp Sparrow,Bruant des marais,Melospiza georgiana,Passeriformes,Passerellidae,Melospiza,georgiana,Melospiza georgiana,12521,Passeriformes,Passeriformes,Emberizidae,"Buntings, American sparrows and allies",192,BL3,Swamp Sparrow,Omnivore,A,ground,1,0,0,,LC,
5850,1111,1227,41,1293,Fox Sparrow,Bruant fauve,Passerella iliaca,Passeriformes,Passerellidae,Passerella,iliaca,Passerella iliaca,12511,Passeriformes,Passeriformes,Emberizidae,"Buntings, American sparrows and allies",192,BL3,Fox Sparrow,Omnivore,A,ground,1,0,0,,LC,
5860,1222,1227,4,1278,Olive Sparrow,Tohi olive,Arremonops rufivirgatus,Passeriformes,Passerellidae,Arremonops,rufivirgatus,Arremonops rufivirgatus,12618,Passeriformes,Passeriformes,Emberizidae,"Buntings, American sparrows and allies",192,BL3,Olive Sparrow,Omnivore,A,ground,1,0,0,,LC,
5870,570,1227,353,1337,Eastern Towhee,Tohi à flancs roux,Pipilo erythrophthalmus,Passeriformes,Passerellidae,Pipilo,erythrophthalmus,Pipilo erythrophthalmus,12602,Passeriformes,Passeriformes,Emberizidae,"Buntings, American sparrows and allies",192,BL3,Eastern Towhee,Omnivore,A,ground,1,0,0,,LC,
5880,982,1227,123,1336,Spotted Towhee,Tohi tacheté,Pipilo maculatus,Passeriformes,Passerellidae,Pipilo,maculatus,Pipilo maculatus,12601,Passeriformes,Passeriformes,Emberizidae,"Buntings, American sparrows and allies",192,BL3,Spotted Towhee,Omnivore,A,ground,1,0,0,,LC,
5900,1107,1227,53,1335,Green-tailed Towhee,Tohi à queue verte,Pipilo chlorurus,Passeriformes,Passerellidae,Pipilo,chlorurus,Pipilo chlorurus,12596,Passeriformes,Passeriformes,Emberizidae,"Buntings, American sparrows and allies",192,BL3,Green-tailed Towhee,Omnivore,A,ground,1,0,0,,LC,
5910,1165,1227,19,1326,Canyon Towhee,Tohi des canyons,Melozone fusca,Passeriformes,Passerellidae,Melozone,fusca,Melozone fusca,12605,Passeriformes,Passeriformes,Emberizidae,"Buntings, American sparrows and allies",192,BL3,Pipilo fuscus,PlantSeed,A,mixed,1,0,0,,LC,
5911,1202,1227,14,1329,California Towhee,Tohi de Californie,Melozone crissalis,Passeriformes,Passerellidae,Melozone,crissalis,Melozone crissalis,12607,Passeriformes,Passeriformes,Emberizidae,"Buntings, American sparrows and allies",192,BL3,Pipilo crissalis,PlantSeed,A,mixed,1,0,0,,LC,
5920,1216,1227,3,1328,Abert's Towhee,Tohi d'Abert,Melozone aberti,Passeriformes,Passerellidae,Melozone,aberti,Melozone aberti,12608,Passeriformes,Passeriformes,Emberizidae,"Buntings, American sparrows and allies",192,BL3,Pipilo aberti,Invertebrate,A,ground,1,0,0,,LC,
5930,456,1227,660,1466,Northern Cardinal,Cardinal rouge,Cardinalis cardinalis,Passeriformes,Cardinalidae,Cardinalis,cardinalis,Cardinalis cardinalis,13277,Passeriformes,Passeriformes,Cardinalidae,"Grosbeaks, saltators and allies",194,BL3,Northern Cardinal,PlantSeed,C,mixed,1,0,0,,LC,
5940,1189,1227,14,1467,Pyrrhuloxia,Cardinal pyrrhuloxia,Cardinalis sinuatus,Passeriformes,Cardinalidae,Cardinalis,sinuatus,Cardinalis sinuatus,13280,Passeriformes,Passeriformes,Cardinalidae,"Grosbeaks, saltators and allies",194,BL3,Pyrrhuloxia,PlantSeed,A,ground,1,0,0,,LC,
5950,708,1227,189,1470,Rose-breasted Grosbeak,Cardinal à poitrine rose,Pheucticus ludovicianus,Passeriformes,Cardinalidae,Pheucticus,ludovicianus,Pheucticus ludovicianus,13275,Passeriformes,Passeriformes,Cardinalidae,"Grosbeaks, saltators and allies",194,BL3,Rose-breasted Grosbeak,Omnivore,A,mixed,1,0,0,,LC,
5960,976,1227,99,1471,Black-headed Grosbeak,Cardinal à tête noire,Pheucticus melanocephalus,Passeriformes,Cardinalidae,Pheucticus,melanocephalus,Pheucticus melanocephalus,13276,Passeriformes,Passeriformes,Cardinalidae,"Grosbeaks, saltators and allies",194,BL3,Black-headed Grosbeak,Invertebrate,A,mixed,1,0,0,,LC,
5970,703,1227,207,1477,Blue Grosbeak,Guiraca bleu,Passerina caerulea,Passeriformes,Cardinalidae,Passerina,caerulea,Passerina caerulea,13309,Passeriformes,Passeriformes,Emberizidae,"Buntings, American sparrows and allies",192,BL3,Blue Grosbeak,Omnivore,D2,ground,1,0,0,,LC,
5980,439,1227,586,1479,Indigo Bunting,Passerin indigo,Passerina cyanea,Passeriformes,Cardinalidae,Passerina,cyanea,Passerina cyanea,13313,Passeriformes,Passeriformes,Emberizidae,"Buntings, American sparrows and allies",192,BL3,Indigo Bunting,PlantSeed,C,mixed,1,0,0,,LC,
5990,1022,1227,42,1478,Lazuli Bunting,Passerin azuré,Passerina amoena,Passeriformes,Cardinalidae,Passerina,amoena,Passerina amoena,13311,Passeriformes,Passeriformes,Emberizidae,"Buntings, American sparrows and allies",192,BL3,Lazuli Bunting,Omnivore,A,mixed,1,0,0,,LC,
6010,1118,1227,50,1484,Painted Bunting,Passerin nonpareil,Passerina ciris,Passeriformes,Cardinalidae,Passerina,ciris,Passerina ciris,13315,Passeriformes,Passeriformes,Emberizidae,"Buntings, American sparrows and allies",192,BL3,Painted Bunting,PlantSeed,C,mixed,1,0,0,,LC,
6040,799,1227,161,1485,Dickcissel,Dickcissel d'Amérique,Spiza americana,Passeriformes,Cardinalidae,Spiza,americana,Spiza americana,13269,Passeriformes,Passeriformes,Cardinalidae,"Grosbeaks, saltators and allies",194,BL3,Dickcissel,PlantSeed,B,ground,1,0,0,,LC,
6050,1112,1227,19,1283,Lark Bunting,Bruant noir et blanc,Calamospiza melanocorys,Passeriformes,Passerellidae,Calamospiza,melanocorys,Calamospiza melanocorys,12510,Passeriformes,Passeriformes,Emberizidae,"Buntings, American sparrows and allies",192,BL3,Lark Bunting,PlantSeed,A,mixed,1,0,0,,LC,
6070,990,1227,126,1458,Western Tanager,Piranga à tête rouge,Piranga ludoviciana,Passeriformes,Cardinalidae,Piranga,ludoviciana,Piranga ludoviciana,12916,Passeriformes,Passeriformes,Cardinalidae,"Grosbeaks, saltators and allies",194,BL3,Western Tanager,Invertebrate,A,mixed,1,0,0,,LC,
6080,644,1227,210,1457,Scarlet Tanager,Piranga écarlate,Piranga olivacea,Passeriformes,Cardinalidae,Piranga,olivacea,Piranga olivacea,12915,Passeriformes,Passeriformes,Cardinalidae,"Grosbeaks, saltators and allies",194,BL3,Scarlet Tanager,Invertebrate,A,mixed,1,0,0,,LC,
6090,1205,1227,4,1455,Hepatic Tanager,Piranga orangé,Piranga flava,Passeriformes,Cardinalidae,Piranga,flava,Piranga flava,12908,Passeriformes,Passeriformes,Cardinalidae,"Grosbeaks, saltators and allies",194,BL3,Hepatic Tanager,Invertebrate,A,canopy,1,0,0,,LC,
6100,859,1227,166,1456,Summer Tanager,Piranga vermillon,Piranga rubra,Passeriformes,Cardinalidae,Piranga,rubra,Piranga rubra,12913,Passeriformes,Passeriformes,Cardinalidae,"Grosbeaks, saltators and allies",194,BL3,Summer Tanager,Invertebrate,A,mixed,1,0,0,,LC,
6110,599,1227,163,1024,Purple Martin,Hirondelle noire,Progne subis,Passeriformes,Hirundinidae,Progne,subis,Progne subis,10005,Passeriformes,Passeriformes,Hirundinidae,Swallows and martins,156,BL3,Purple Martin,Invertebrate,A,mixed,1,0,0,,LC,
6120,376,1227,208,1030,Cliff Swallow,Hirondelle à front blanc,Petrochelidon pyrrhonota,Passeriformes,Hirundinidae,Petrochelidon,pyrrhonota,Petrochelidon pyrrhonota,10121,Passeriformes,Passeriformes,Hirundinidae,Swallows and martins,156,BL3,Cliff Swallow,Invertebrate,A,aerial,1,0,0,,LC,
6121,1196,1227,2,1031,Cave Swallow,Hirondelle à front brun,Petrochelidon fulva,Passeriformes,Hirundinidae,Petrochelidon,fulva,Petrochelidon fulva,10124,Passeriformes,Passeriformes,Hirundinidae,Swallows and martins,156,BL3,Cave Swallow,Invertebrate,A,aerial,1,0,0,,LC,
6130,93,1227,803,1028,Barn Swallow,Hirondelle rustique,Hirundo rustica,Passeriformes,Hirundinidae,Hirundo,rustica,Hirundo rustica,10074,Passeriformes,Passeriformes,Hirundinidae,Swallows and martins,156,BL3,Barn Swallow,Invertebrate,A,mixed,1,0,0,,LC,
6140,298,1227,320,1014,Tree Swallow,Hirondelle bicolore,Tachycineta bicolor,Passeriformes,Hirundinidae,Tachycineta,bicolor,Tachycineta bicolor,9992,Passeriformes,Passeriformes,Hirundinidae,Swallows and martins,156,BL3,Tree Swallow,Invertebrate,A,mixed,1,0,0,,LC,
6150,973,1227,81,1016,Violet-green Swallow,Hirondelle à face blanche,Tachycineta thalassina,Passeriformes,Hirundinidae,Tachycineta,thalassina,Tachycineta thalassina,9999,Passeriformes,Passeriformes,Hirundinidae,Swallows and martins,156,BL3,Violet-green Swallow,Invertebrate,A,mixed,1,0,0,,LC,
6160,782,1227,25,1013,Bank Swallow,Hirondelle de rivage,Riparia riparia,Passeriformes,Hirundinidae,Riparia,riparia,Riparia riparia,10052,Passeriformes,Passeriformes,Hirundinidae,Swallows and martins,156,BL3,Sand Martin,Invertebrate,A,midhigh,1,0,0,,LC,
6170,283,1227,68,1020,Northern Rough-winged Swallow,Hirondelle à ailes hérissées,Stelgidopteryx serripennis,Passeriformes,Hirundinidae,Stelgidopteryx,serripennis,Stelgidopteryx serripennis,10039,Passeriformes,Passeriformes,Hirundinidae,Swallows and martins,156,BL3,Northern Rough-winged Swallow,Invertebrate,A,understory,1,0,0,,LC,
6190,408,1227,297,1189,Cedar Waxwing,Jaseur d'Amérique,Bombycilla cedrorum,Passeriformes,Bombycillidae,Bombycilla,cedrorum,Bombycilla cedrorum,8768,Passeriformes,Passeriformes,Bombycillidae,Waxwings,152,BL3,Cedar Waxwing,FruiNect,A,mixed,1,0,0,,LC,
6200,1182,1227,6,1192,Phainopepla,Phénopèple luisant,Phainopepla nitens,Passeriformes,Ptiliogonatidae,Phainopepla,nitens,Phainopepla nitens,8762,Passeriformes,Passeriformes,Bombycillidae,Waxwings,152,BL3,Phainopepla,FruiNect,A,mixed,1,0,0,,LC,
6220,788,1227,43,941,Loggerhead Shrike,Pie-grièche migratrice,Lanius ludovicianus,Passeriformes,Laniidae,Lanius,ludovicianus,Lanius ludovicianus,7719,Passeriformes,Passeriformes,Laniidae,Shrikes,140,BL3,Loggerhead Shrike,Invertebrate,A,ground,1,0,0,,NT,
6240,351,1227,576,969,Red-eyed Vireo,Viréo aux yeux rouges,Vireo olivaceus,Passeriformes,Vireonidae,Vireo,olivaceus,Vireo olivaceus,7791,Passeriformes,Passeriformes,Vireonidae,Vireos and allies,141,BL3,Red-eyed Vireo,Invertebrate,A,canopy,1,0,0,,LC,
6260,1157,1227,4,966,Philadelphia Vireo,Viréo de Philadelphie,Vireo philadelphicus,Passeriformes,Vireonidae,Vireo,philadelphicus,Vireo philadelphicus,7790,Passeriformes,Passeriformes,Vireonidae,Vireos and allies,141,BL3,Philadelphia Vireo,Invertebrate,A,mixed,1,0,0,,LC,
6270,402,1227,370,967,Warbling Vireo,Viréo mélodieux,Vireo gilvus,Passeriformes,Vireonidae,Vireo,gilvus,Vireo gilvus,7803,Passeriformes,Passeriformes,Vireonidae,Vireos and allies,141,BL3,Warbling Vireo,Invertebrate,A,mixed,1,0,0,,LC,
6280,623,1227,92,960,Yellow-throated Vireo,Viréo à gorge jaune,Vireo flavifrons,Passeriformes,Vireonidae,Vireo,flavifrons,Vireo flavifrons,7789,Passeriformes,Passeriformes,Vireonidae,Vireos and allies,141,BL3,Yellow-throated Vireo,Invertebrate,A,mixed,1,0,0,,LC,
6290,928,1227,67,962,Blue-headed Vireo,Viréo à tête bleue,Vireo solitarius,Passeriformes,Vireonidae,Vireo,solitarius,Vireo solitarius,7787,Passeriformes,Passeriformes,Vireonidae,Vireos and allies,141,BL3,Blue-headed Vireo,Invertebrate,A,mixed,1,0,0,,LC,
6291,1127,1227,38,961,Cassin's Vireo,Viréo de Cassin,Vireo cassinii,Passeriformes,Vireonidae,Vireo,cassinii,Vireo cassinii,7785,Passeriformes,Passeriformes,Vireonidae,Vireos and allies,141,BL3,Cassin's Vireo,Invertebrate,A,mixed,1,0,0,,LC,
6292,1142,1227,26,964,Plumbeous Vireo,Viréo plombé,Vireo plumbeus,Passeriformes,Vireonidae,Vireo,plumbeus,Vireo plumbeus,7786,Passeriformes,Passeriformes,Vireonidae,Vireos and allies,141,BL3,Plumbeous Vireo,Invertebrate,A,mixed,1,0,0,,LC,
6310,801,1227,221,952,White-eyed Vireo,Viréo aux yeux blancs,Vireo griseus,Passeriformes,Vireonidae,Vireo,griseus,Vireo griseus,7763,Passeriformes,Passeriformes,Vireonidae,Vireos and allies,141,BL3,White-eyed Vireo,Invertebrate,A,mixed,1,0,0,,LC,
6320,1170,1227,17,959,Hutton's Vireo,Viréo de Hutton,Vireo huttoni,Passeriformes,Vireonidae,Vireo,huttoni,Vireo huttoni,7759,Passeriformes,Passeriformes,Vireonidae,Vireos and allies,141,BL3,Hutton's Vireo,Invertebrate,A,midhigh,1,0,0,,LC,
6330,1067,1227,26,957,Bell's Vireo,Viréo de Bell,Vireo bellii,Passeriformes,Vireonidae,Vireo,bellii,Vireo bellii,7756,Passeriformes,Passeriformes,Vireonidae,Vireos and allies,141,BL3,Bell's Vireo,Invertebrate,A,mixed,1,0,0,,LC,
6340,1187,1227,3,958,Gray Vireo,Viréo gris,Vireo vicinior,Passeriformes,Vireonidae,Vireo,vicinior,Vireo vicinior,7779,Passeriformes,Passeriformes,Vireonidae,Vireos and allies,141,BL3,Grey Vireo,Invertebrate,A,mixed,1,0,0,,LC,
6360,734,1227,121,1394,Black-and-white Warbler,Paruline noir et blanc,Mniotilta varia,Passeriformes,Parulidae,Mniotilta,varia,Mniotilta varia,12719,Passeriformes,Passeriformes,Parulidae,New World warblers,171,BL3,Black-and-white Warbler,Invertebrate,A,midhigh,1,0,0,,LC,
6370,1024,1227,30,1395,Prothonotary Warbler,Paruline orangée,Protonotaria citrea,Passeriformes,Parulidae,Protonotaria,citrea,Protonotaria citrea,12721,Passeriformes,Passeriformes,Parulidae,New World warblers,171,BL3,Prothonotary Warbler,Invertebrate,A,midhigh,1,0,0,,LC,
6390,1003,1227,15,1387,Worm-eating Warbler,Paruline vermivore,Helmitheros vermivorum,Passeriformes,Parulidae,Helmitheros,vermivorum,Helmitheros vermivorum,12722,Passeriformes,Passeriformes,Parulidae,New World warblers,171,BL3,Worm-eating Warbler,Invertebrate,A,midhigh,1,0,0,,LC,
6410,973,1227,10,1391,Blue-winged Warbler,Paruline à ailes bleues,Vermivora cyanoptera,Passeriformes,Parulidae,Vermivora,cyanoptera,Vermivora cyanoptera,12668,Passeriformes,Passeriformes,Parulidae,New World warblers,171,BL3,Vermivora pinus,Invertebrate,A,mixed,1,0,0,,LC,
6420,1107,1227,6,1390,Golden-winged Warbler,Paruline à ailes dorées,Vermivora chrysoptera,Passeriformes,Parulidae,Vermivora,chrysoptera,Vermivora chrysoptera,12669,Passeriformes,Passeriformes,Parulidae,New World warblers,171,BL3,Golden-winged Warbler,Invertebrate,A,mixed,1,0,0,,NT,
6430,1204,1227,6,1401,Lucy's Warbler,Paruline de Lucy,Leiothlypis luciae,Passeriformes,Parulidae,Leiothlypis,luciae,Leiothlypis luciae,12677,Passeriformes,Passeriformes,Parulidae,New World warblers,171,BL3,Vermivora luciae,Invertebrate,A,midhigh,1,0,0,,LC,
6440,1176,1227,12,1403,Virginia's Warbler,Paruline de Virginia,Leiothlypis virginiae,Passeriformes,Parulidae,Leiothlypis,virginiae,Leiothlypis virginiae,12675,Passeriformes,Passeriformes,Parulidae,New World warblers,171,BL3,Vermivora virginiae,Invertebrate,A,understory,1,0,0,,LC,
6450,965,1227,82,1402,Nashville Warbler,Paruline à joues grises,Leiothlypis ruficapilla,Passeriformes,Parulidae,Leiothlypis,ruficapilla,Leiothlypis ruficapilla,12672,Passeriformes,Passeriformes,Parulidae,New World warblers,171,BL3,Vermivora ruficapilla,Invertebrate,A,mixed,1,0,0,,LC,
6460,1030,1227,75,1399,Orange-crowned Warbler,Paruline verdâtre,Leiothlypis celata,Passeriformes,Parulidae,Leiothlypis,celata,Leiothlypis celata,12671,Passeriformes,Passeriformes,Parulidae,New World warblers,171,BL3,Vermivora celata,Invertebrate,A,mixed,1,0,0,,LC,
6470,1137,1227,7,1398,Tennessee Warbler,Paruline obscure,Leiothlypis peregrina,Passeriformes,Parulidae,Leiothlypis,peregrina,Leiothlypis peregrina,12670,Passeriformes,Passeriformes,Parulidae,New World warblers,171,BL3,Vermivora peregrina,Invertebrate,A,mixed,1,0,0,,LC,
6480,683,1227,137,1419,Northern Parula,Paruline à collier,Setophaga americana,Passeriformes,Parulidae,Setophaga,americana,Setophaga americana,12678,Passeriformes,Passeriformes,Parulidae,New World warblers,171,BL3,Parula americana,Invertebrate,A,canopy,1,0,0,,LC,
6520,301,1227,441,1424,Yellow Warbler,Paruline jaune,Setophaga petechia,Passeriformes,Parulidae,Setophaga,petechia,Setophaga petechia,12683,Passeriformes,Passeriformes,Parulidae,New World warblers,171,BL3,Dendroica petechia,Invertebrate,A,midhigh,1,0,0,,LC,
6540,1057,1227,35,1427,Black-throated Blue Warbler,Paruline bleue,Setophaga caerulescens,Passeriformes,Parulidae,Setophaga,caerulescens,Setophaga caerulescens,12691,Passeriformes,Passeriformes,Parulidae,New World warblers,171,BL3,Dendroica caerulescens,Invertebrate,A,mixed,1,0,0,,LC,
6550,971,1227,99,1430,(Myrtle Warbler) Yellow-rumped Warbler,Paruline ‡ croupion jaune (groupe coronata),Setophaga coronata coronata,Passeriformes,Parulidae,Setophaga,coronata coronata,Setophaga coronata coronata,NA,NA,NA,NA,NA,NA,NA,NA,Invertebrate,NA,midhigh,NA,NA,NA,https://birdsoftheworld.org/bow/species/yerwar/cur/foodhabits#feeding,LC,
6556,1214,1227,4,1432,(unid. Myrtle/Audubon's) Yellow-rumped Warbler,Par. ‡ croupion jaune (sous-espËce non identifiÈ),Setophaga coronata,Passeriformes,Parulidae,Setophaga,coronata,Setophaga coronata,NA,NA,NA,NA,NA,NA,NA,NA,Invertebrate,NA,midhigh,NA,NA,NA,https://birdsoftheworld.org/bow/species/yerwar/cur/foodhabits#feeding,LC,
6560,1037,1227,98,1431,(Audubon's Warbler) Yellow-rumped Warbler,Paruline ‡ croupion jaune (groupe auduboni),Setophaga coronata audoboni,Passeriformes,Parulidae,Setophaga,coronata audoboni,Setophaga coronata audoboni,NA,NA,NA,NA,NA,NA,NA,NA,Invertebrate,NA,midhigh,NA,NA,NA,https://birdsoftheworld.org/bow/species/yerwar/cur/foodhabits#feeding,LC,
6570,1004,1227,66,1421,Magnolia Warbler,Paruline à tête cendrée,Setophaga magnolia,Passeriformes,Parulidae,Setophaga,magnolia,Setophaga magnolia,12689,Passeriformes,Passeriformes,Parulidae,New World warblers,171,BL3,Dendroica magnolia,Invertebrate,A,midhigh,1,0,0,,LC,
6580,1103,1227,5,1418,Cerulean Warbler,Paruline azurée,Setophaga cerulea,Passeriformes,Parulidae,Setophaga,cerulea,Setophaga cerulea,12714,Passeriformes,Passeriformes,Parulidae,New World warblers,171,BL3,Dendroica cerulea,Invertebrate,A,canopy,1,0,0,,NT,
6590,897,1227,173,1425,Chestnut-sided Warbler,Paruline à flancs marron,Setophaga pensylvanica,Passeriformes,Parulidae,Setophaga,pensylvanica,Setophaga pensylvanica,12688,Passeriformes,Passeriformes,Parulidae,New World warblers,171,BL3,Dendroica pensylvanica,Invertebrate,A,midhigh,1,0,0,,LC,
6610,1176,1227,8,1426,Blackpoll Warbler,Paruline rayée,Setophaga striata,Passeriformes,Parulidae,Setophaga,striata,Setophaga striata,12713,Passeriformes,Passeriformes,Parulidae,New World warblers,171,BL3,Dendroica striata,Invertebrate,A,midhigh,1,0,0,,NT,
6620,1020,1227,47,1423,Blackburnian Warbler,Paruline à gorge orangée,Setophaga fusca,Passeriformes,Parulidae,Setophaga,fusca,Setophaga fusca,12701,Passeriformes,Passeriformes,Parulidae,New World warblers,171,BL3,Dendroica fusca,Invertebrate,A,canopy,1,0,0,,LC,
6630,958,1227,38,1433,Yellow-throated Warbler,Paruline à gorge jaune,Setophaga dominica,Passeriformes,Parulidae,Setophaga,dominica,Setophaga dominica,12702,Passeriformes,Passeriformes,Parulidae,New World warblers,171,BL3,Dendroica dominica,Invertebrate,A,canopy,1,0,0,,LC,
6640,1209,1227,10,1435,Grace's Warbler,Paruline de Grace,Setophaga graciae,Passeriformes,Parulidae,Setophaga,graciae,Setophaga graciae,12703,Passeriformes,Passeriformes,Parulidae,New World warblers,171,BL3,Dendroica graciae,Invertebrate,A,midhigh,1,0,0,,LC,
6650,1125,1227,27,1436,Black-throated Gray Warbler,Paruline grise,Setophaga nigrescens,Passeriformes,Parulidae,Setophaga,nigrescens,Setophaga nigrescens,NA,NA,NA,NA,NA,NA,NA,NA,Invertebrate,NA,midhigh,NA,NA,NA,https://birdsoftheworld.org/bow/species/btywar/cur/foodhabits,LC,
6670,943,1227,96,1442,Black-throated Green Warbler,Paruline à gorge noire,Setophaga virens,Passeriformes,Parulidae,Setophaga,virens,Setophaga virens,12699,Passeriformes,Passeriformes,Parulidae,New World warblers,171,BL3,Dendroica virens,Invertebrate,A,midhigh,1,0,0,,LC,
6680,1147,1227,28,1437,Townsend's Warbler,Paruline de Townsend,Setophaga townsendi,Passeriformes,Parulidae,Setophaga,townsendi,Setophaga townsendi,12697,Passeriformes,Passeriformes,Parulidae,New World warblers,171,BL3,Dendroica townsendi,Invertebrate,A,canopy,1,0,0,,LC,
6690,1188,1227,14,1438,Hermit Warbler,Paruline à tête jaune,Setophaga occidentalis,Passeriformes,Parulidae,Setophaga,occidentalis,Setophaga occidentalis,12698,Passeriformes,Passeriformes,Parulidae,New World warblers,171,BL3,Dendroica occidentalis,Invertebrate,A,canopy,1,0,0,,LC,
6710,785,1227,175,1429,Pine Warbler,Paruline des pins,Setophaga pinus,Passeriformes,Parulidae,Setophaga,pinus,Setophaga pinus,12706,Passeriformes,Passeriformes,Parulidae,New World warblers,171,BL3,Dendroica pinus,Invertebrate,A,midhigh,1,0,0,,LC,
6720,1182,1227,3,1428,Palm Warbler,Paruline à couronne rousse,Setophaga palmarum,Passeriformes,Parulidae,Setophaga,palmarum,Setophaga palmarum,12711,Passeriformes,Passeriformes,Parulidae,New World warblers,171,BL3,Dendroica palmarum,Invertebrate,A,ground,1,0,0,,LC,
6730,885,1227,81,1434,Prairie Warbler,Paruline des prés,Setophaga discolor,Passeriformes,Parulidae,Setophaga,discolor,Setophaga discolor,12709,Passeriformes,Passeriformes,Parulidae,New World warblers,171,BL3,Dendroica discolor,Invertebrate,A,understory,1,0,0,,LC,
6740,669,1227,347,1386,Ovenbird,Paruline couronnée,Seiurus aurocapilla,Passeriformes,Parulidae,Seiurus,aurocapilla,Seiurus aurocapilla,12724,Passeriformes,Passeriformes,Parulidae,New World warblers,171,BL3,Ovenbird,Invertebrate,A,ground,1,0,0,,LC,
6750,965,1227,43,1389,Northern Waterthrush,Paruline des ruisseaux,Parkesia noveboracensis,Passeriformes,Parulidae,Parkesia,noveboracensis,Parkesia noveboracensis,12725,Passeriformes,Passeriformes,Parulidae,New World warblers,171,BL3,Seiurus noveboracensis,Invertebrate,A,ground,1,0,0,,LC,
6760,886,1227,18,1388,Louisiana Waterthrush,Paruline hochequeue,Parkesia motacilla,Passeriformes,Parulidae,Parkesia,motacilla,Parkesia motacilla,12727,Passeriformes,Passeriformes,Parulidae,New World warblers,171,BL3,Seiurus motacilla,Invertebrate,A,mixed,1,0,0,,LC,
6770,902,1227,51,1408,Kentucky Warbler,Paruline du Kentucky,Geothlypis formosa,Passeriformes,Parulidae,Geothlypis,formosa,Geothlypis formosa,12728,Passeriformes,Passeriformes,Parulidae,New World warblers,171,BL3,Oporornis formosus,Invertebrate,A,ground,1,0,0,,LC,
6780,1190,1227,3,1404,Connecticut Warbler,Paruline à gorge grise,Oporornis agilis,Passeriformes,Parulidae,Oporornis,agilis,Oporornis agilis,12729,Passeriformes,Passeriformes,Parulidae,New World warblers,171,BL3,Connecticut Warbler,Invertebrate,A,ground,1,0,0,,LC,
6790,1011,1227,42,1407,Mourning Warbler,Paruline triste,Geothlypis philadelphia,Passeriformes,Parulidae,Geothlypis,philadelphia,Geothlypis philadelphia,12730,Passeriformes,Passeriformes,Parulidae,New World warblers,171,BL3,Oporornis philadelphia,Invertebrate,A,mixed,1,0,0,,LC,
6800,1062,1227,65,1406,MacGillivray's Warbler,Paruline des buissons,Geothlypis tolmiei,Passeriformes,Parulidae,Geothlypis,tolmiei,Geothlypis tolmiei,12731,Passeriformes,Passeriformes,Parulidae,New World warblers,171,BL3,Oporornis tolmiei,Invertebrate,A,mixed,1,0,0,,LC,
6810,176,1227,718,1412,Common Yellowthroat,Paruline masquée,Geothlypis trichas,Passeriformes,Parulidae,Geothlypis,trichas,Geothlypis trichas,12733,Passeriformes,Passeriformes,Parulidae,New World warblers,171,BL3,Common Yellowthroat,Invertebrate,A,understory,1,0,0,,LC,
6830,657,1227,229,1343,Yellow-breasted Chat,Ictérie polyglotte,Icteria virens,Passeriformes,Icteriidae,Icteria,virens,Icteria virens,12799,Passeriformes,Passeriformes,Parulidae,New World warblers,171,BL3,Yellow-breasted Chat,Invertebrate,A,understory,1,0,0,,LC,
6840,912,1227,97,1414,Hooded Warbler,Paruline à capuchon,Setophaga citrina,Passeriformes,Parulidae,Setophaga,citrina,Setophaga citrina,12751,Passeriformes,Passeriformes,Parulidae,New World warblers,171,BL3,Wilsonia citrina,Invertebrate,A,understory,1,0,0,,LC,
6850,1013,1227,40,1448,Wilson's Warbler,Paruline à calotte noire,Cardellina pusilla,Passeriformes,Parulidae,Cardellina,pusilla,Cardellina pusilla,12752,Passeriformes,Passeriformes,Parulidae,New World warblers,171,BL3,Wilsonia pusilla,Invertebrate,A,midhigh,1,0,0,,LC,
6860,1054,1227,7,1447,Canada Warbler,Paruline du Canada,Cardellina canadensis,Passeriformes,Parulidae,Cardellina,canadensis,Cardellina canadensis,12753,Passeriformes,Passeriformes,Parulidae,New World warblers,171,BL3,Wilsonia canadensis,Invertebrate,A,understory,1,0,0,,LC,
6870,649,1227,198,1415,American Redstart,Paruline flamboyante,Setophaga ruticilla,Passeriformes,Parulidae,Setophaga,ruticilla,Setophaga ruticilla,12720,Passeriformes,Passeriformes,Parulidae,New World warblers,171,BL3,American Redstart,Invertebrate,A,midhigh,1,0,0,,LC,
6880,1222,1227,3,1452,Painted Redstart,Paruline à ailes blanches,Myioborus pictus,Passeriformes,Parulidae,Myioborus,pictus,Myioborus pictus,12757,Passeriformes,Passeriformes,Parulidae,New World warblers,171,BL3,Painted Redstart,Invertebrate,A,understory,1,0,0,,LC,
6882,194,1227,626,1200,House Sparrow,Moineau domestique,Passer domesticus,Passeriformes,Passeridae,Passer,domesticus,Passer domesticus,11753,Passeriformes,Passeriformes,Passeridae,"Sparrows, snowfinches and allies",183,BL3,House Sparrow,PlantSeed,A,mixed,1,0,0,,LC,
6900,1221,1227,4,1449,Red-faced Warbler,Paruline à face rouge,Cardellina rubrifrons,Passeriformes,Parulidae,Cardellina,rubrifrons,Cardellina rubrifrons,12754,Passeriformes,Passeriformes,Parulidae,New World warblers,171,BL3,Red-faced Warbler,Invertebrate,A,midhigh,1,0,0,,LC,
7000,1186,1227,4,1211,Sprague's Pipit,Pipit de Sprague,Anthus spragueii,Passeriformes,Motacillidae,Anthus,spragueii,Anthus spragueii,11891,Passeriformes,Passeriformes,Motacillidae,Wagtails and pipits,170,BL3,Sprague's Pipit,Invertebrate,A,ground,1,0,0,,VU,
7020,1125,1227,40,1181,Sage Thrasher,Moqueur des armoises,Oreoscoptes montanus,Passeriformes,Mimidae,Oreoscoptes,montanus,Oreoscoptes montanus,9579,Passeriformes,Passeriformes,Mimidae,Mockingbirds and thrashers,175,BL3,Sage Thrasher,Invertebrate,A,ground,1,0,0,,LC,
7030,466,1227,468,1185,Northern Mockingbird,Moqueur polyglotte,Mimus polyglottos,Passeriformes,Mimidae,Mimus,polyglottos,Mimus polyglottos,9564,Passeriformes,Passeriformes,Mimidae,Mockingbirds and thrashers,175,BL3,Northern Mockingbird,Omnivore,A,ground,1,0,0,,LC,
7040,345,1227,452,1170,Gray Catbird,Moqueur chat,Dumetella carolinensis,Passeriformes,Mimidae,Dumetella,carolinensis,Dumetella carolinensis,9557,Passeriformes,Passeriformes,Mimidae,Mockingbirds and thrashers,175,BL3,Grey Catbird,Invertebrate,A,understory,1,0,0,,LC,
7050,405,1227,374,1173,Brown Thrasher,Moqueur roux,Toxostoma rufum,Passeriformes,Mimidae,Toxostoma,rufum,Toxostoma rufum,9583,Passeriformes,Passeriformes,Mimidae,Mockingbirds and thrashers,175,BL3,Brown Thrasher,Omnivore,A,ground,1,0,0,,LC,
7070,1153,1227,12,1171,Curve-billed Thrasher,Moqueur à bec courbe,Toxostoma curvirostre,Passeriformes,Mimidae,Toxostoma,curvirostre,Toxostoma curvirostre,9588,Passeriformes,Passeriformes,Mimidae,Mockingbirds and thrashers,175,BL3,Curve-billed Thrasher,Omnivore,A,ground,1,0,0,,LC,
7100,1215,1227,4,1178,California Thrasher,Moqueur de Californie,Toxostoma redivivum,Passeriformes,Mimidae,Toxostoma,redivivum,Toxostoma redivivum,9592,Passeriformes,Passeriformes,Mimidae,Mockingbirds and thrashers,175,BL3,California Thrasher,Omnivore,A,ground,1,0,0,,LC,
7130,1158,1227,21,1081,Cactus Wren,Troglodyte des cactus,Campylorhynchus brunneicapillus,Passeriformes,Troglodytidae,Campylorhynchus,brunneicapillus,Campylorhynchus brunneicapillus,9671,Passeriformes,Passeriformes,Troglodytidae,Wrens,162,BL3,Cactus Wren,Invertebrate,A,mixed,1,0,0,,LC,
7150,999,1227,59,1058,Rock Wren,Troglodyte des rochers,Salpinctes obsoletus,Passeriformes,Troglodytidae,Salpinctes,obsoletus,Salpinctes obsoletus,9687,Passeriformes,Passeriformes,Troglodytidae,Wrens,162,BL3,Rock Wren,Invertebrate,A,ground,1,0,0,,LC,
7170,1131,1227,6,1060,Canyon Wren,Troglodyte des canyons,Catherpes mexicanus,Passeriformes,Troglodytidae,Catherpes,mexicanus,Catherpes mexicanus,9689,Passeriformes,Passeriformes,Troglodytidae,Wrens,162,BL3,Canyon Wren,Invertebrate,A,ground,1,0,0,,LC,
7180,658,1227,361,1072,Carolina Wren,Troglodyte de Caroline,Thryothorus ludovicianus,Passeriformes,Troglodytidae,Thryothorus,ludovicianus,Thryothorus ludovicianus,9735,Passeriformes,Passeriformes,Troglodytidae,Wrens,162,BL3,Carolina Wren,Invertebrate,A,mixed,1,0,0,,LC,
7190,1012,1227,53,1073,Bewick's Wren,Troglodyte de Bewick,Thryomanes bewickii,Passeriformes,Troglodytidae,Thryomanes,bewickii,Thryomanes bewickii,9713,Passeriformes,Passeriformes,Troglodytidae,Wrens,162,BL3,Bewick's Wren,Invertebrate,A,mixed,1,0,0,,LC,
7210,338,1227,508,1063,House Wren,Troglodyte familier,Troglodytes aedon,Passeriformes,Troglodytidae,Troglodytes,aedon,Troglodytes aedon,9753,Passeriformes,Passeriformes,Troglodytidae,Wrens,162,BL3,House Wren,Invertebrate,A,understory,1,0,0,,LC,
7221,1143,1227,30,1067,Pacific Wren,Troglodyte de Baird,Troglodytes pacificus,Passeriformes,Troglodytidae,Troglodytes,pacificus,Troglodytes pacificus,NA,NA,NA,NA,NA,NA,NA,NA,Invertebrate,NA,understory,NA,NA,NA,https://birdsoftheworld.org/bow/species/pacwre1/cur/foodhabits,LC,
7222,1010,1227,51,1068,Winter Wren,Troglodyte des forêts,Troglodytes hiemalis,Passeriformes,Troglodytidae,Troglodytes,hiemalis,Troglodytes hiemalis,9750,Passeriformes,Passeriformes,Troglodytidae,Wrens,162,BL3,Troglodytes troglodytes,Invertebrate,A,mixed,1,0,0,,LC,
7240,1011,1227,36,1070,Sedge Wren,Troglodyte à bec court,Cistothorus platensis,Passeriformes,Troglodytidae,Cistothorus,platensis,Cistothorus platensis,9703,Passeriformes,Passeriformes,Troglodytidae,Wrens,162,BL3,Sedge Wren,Invertebrate,A,understory,1,0,0,,LC,
7250,1021,1227,32,1071,Marsh Wren,Troglodyte des marais,Cistothorus palustris,Passeriformes,Troglodytidae,Cistothorus,palustris,Cistothorus palustris,9708,Passeriformes,Passeriformes,Troglodytidae,Wrens,162,BL3,Marsh Wren,Invertebrate,A,understory,1,0,0,,LC,
7260,895,1227,14,1057,Brown Creeper,Grimpereau brun,Certhia americana,Passeriformes,Certhiidae,Certhia,americana,Certhia americana,9656,Passeriformes,Passeriformes,Certhiidae,Treecreepers,174,BL3,American Treecreeper,Invertebrate,A,mixed,1,0,0,,LC,
7270,383,1227,237,1054,White-breasted Nuthatch,Sittelle à poitrine blanche,Sitta carolinensis,Passeriformes,Sittidae,Sitta,carolinensis,Sitta carolinensis,9636,Passeriformes,Passeriformes,Sittidae,Nuthatches and Wallcreeper,173,BL3,White-breasted Nuthatch,Omnivore,A,mixed,1,0,0,,LC,
7280,786,1227,117,1053,Red-breasted Nuthatch,Sittelle à poitrine rousse,Sitta canadensis,Passeriformes,Sittidae,Sitta,canadensis,Sitta canadensis,9634,Passeriformes,Passeriformes,Sittidae,Nuthatches and Wallcreeper,173,BL3,Red-breasted Nuthatch,Omnivore,A,mixed,1,0,0,,LC,
7290,1102,1227,21,1056,Brown-headed Nuthatch,Sittelle à tête brune,Sitta pusilla,Passeriformes,Sittidae,Sitta,pusilla,Sitta pusilla,9628,Passeriformes,Passeriformes,Sittidae,Nuthatches and Wallcreeper,173,BL3,Brown-headed Nuthatch,Invertebrate,A,canopy,1,0,0,,LC,
7300,1164,1227,9,1055,Pygmy Nuthatch,Sittelle pygmée,Sitta pygmaea,Passeriformes,Sittidae,Sitta,pygmaea,Sitta pygmaea,9627,Passeriformes,Passeriformes,Sittidae,Nuthatches and Wallcreeper,173,BL3,Pygmy Nuthatch,Invertebrate,A,canopy,1,0,0,,LC,
7310,604,1227,464,1048,Tufted Titmouse,Mésange bicolore,Baeolophus bicolor,Passeriformes,Paridae,Baeolophus,bicolor,Baeolophus bicolor,9954,Passeriformes,Passeriformes,Paridae,Tits and chickadees,154,BL3,Tufted Titmouse,Invertebrate,A,mixed,1,0,0,,LC,
7315,1223,1227,2,1050,unid. Tufted Titmouse / Black-crested Titmouse,unid MÈsange bicolore / MÈsange ‡ plumet noir,Baeolophus bicolor / atricristatus,Passeriformes,Paridae,Baeolophus,bicolor / atricristatus,Baeolophus bicolor / atricristatus,NA,NA,NA,NA,NA,NA,NA,NA,Invertebrate,NA,mixed,NA,NA,NA,https://birdsoftheworld.org/bow/species/tuftit/cur/foodhabits,LC,
7320,1208,1227,9,1049,Black-crested Titmouse,Mésange à plumet noir,Baeolophus atricristatus,Passeriformes,Paridae,Baeolophus,atricristatus,Baeolophus atricristatus,9955,Passeriformes,Passeriformes,Paridae,Tits and chickadees,154,BL3,Black-crested Titmouse,Invertebrate,A,mixed,1,0,0,,LC,
7330,1200,1227,9,1045,Oak Titmouse,Mésange unicolore,Baeolophus inornatus,Passeriformes,Paridae,Baeolophus,inornatus,Baeolophus inornatus,9951,Passeriformes,Passeriformes,Paridae,Tits and chickadees,154,BL3,Oak Titmouse,Invertebrate,A,midhigh,1,0,0,,LC,
7331,1174,1227,7,1046,Juniper Titmouse,Mésange des genévriers,Baeolophus ridgwayi,Passeriformes,Paridae,Baeolophus,ridgwayi,Baeolophus ridgwayi,9952,Passeriformes,Passeriformes,Paridae,Tits and chickadees,154,BL3,Juniper Titmouse,Invertebrate,A,mixed,1,0,0,,LC,
7340,1219,1227,2,1044,Bridled Titmouse,Mésange arlequin,Baeolophus wollweberi,Passeriformes,Paridae,Baeolophus,wollweberi,Baeolophus wollweberi,9949,Passeriformes,Passeriformes,Paridae,Tits and chickadees,154,BL3,Bridled Titmouse,Invertebrate,A,midhigh,1,0,0,,LC,
7350,584,1227,361,1034,Black-capped Chickadee,Mésange à tête noire,Poecile atricapillus,Passeriformes,Paridae,Poecile,atricapillus,Poecile atricapillus,9881,Passeriformes,Passeriformes,Paridae,Tits and chickadees,154,BL3,Parus atricapillus,Invertebrate,A,midhigh,1,0,0,,LC,
7360,855,1227,248,1033,Carolina Chickadee,Mésange de Caroline,Poecile carolinensis,Passeriformes,Paridae,Poecile,carolinensis,Poecile carolinensis,9879,Passeriformes,Passeriformes,Paridae,Tits and chickadees,154,BL3,Parus carolinensis,Invertebrate,A,mixed,1,0,0,,LC,
7380,1075,1227,64,1035,Mountain Chickadee,Mésange de Gambel,Poecile gambeli,Passeriformes,Paridae,Poecile,gambeli,Poecile gambeli,9882,Passeriformes,Passeriformes,Paridae,Tits and chickadees,154,BL3,Parus gambeli,Invertebrate,A,midhigh,1,0,0,,LC,
7410,1170,1227,27,1037,Chestnut-backed Chickadee,Mésange à dos marron,Poecile rufescens,Passeriformes,Paridae,Poecile,rufescens,Poecile rufescens,9889,Passeriformes,Passeriformes,Paridae,Tits and chickadees,154,BL3,Parus rufescens,Invertebrate,A,mixed,1,0,0,,LC,
7420,1198,1227,15,1114,Wrentit,Cama brune,Chamaea fasciata,Passeriformes,Sylviidae,Chamaea,fasciata,Chamaea fasciata,11374,Passeriformes,Passeriformes,Timaliidae,Babblers and parrotbills,163,BL3,Wrentit,Omnivore,A,understory,1,0,0,,LC,
7430,1110,1227,12,1052,Bushtit,Mésange buissonnière,Psaltriparus minimus,Passeriformes,Aegithalidae,Psaltriparus,minimus,Psaltriparus minimus,9976,Passeriformes,Passeriformes,Aegithalidae,Long-tailed Tits,157,BL3,Bushtit,Invertebrate,A,mixed,1,0,0,,LC,
7460,1181,1227,21,1051,Verdin,Auripare verdin,Auriparus flaviceps,Passeriformes,Remizidae,Auriparus,flaviceps,Auriparus flaviceps,9793,Passeriformes,Passeriformes,Remizidae,Penduline-tits,155,BL3,Verdin,Invertebrate,A,ground,1,0,0,,LC,
7470,1218,1227,2,1111,Arctic Warbler,Pouillot boréal,Phylloscopus borealis,Passeriformes,Phylloscopidae,Phylloscopus,borealis,Phylloscopus borealis,10958,Passeriformes,Passeriformes,Sylviidae,Old World warblers,161,BL3,Arctic Warbler,Invertebrate,A,mixed,1,0,0,,LC,
7480,985,1227,44,1103,Golden-crowned Kinglet,Roitelet à couronne dorée,Regulus satrapa,Passeriformes,Regulidae,Regulus,satrapa,Regulus satrapa,10163,Passeriformes,Passeriformes,Reguliidae,Goldcrests and kinglets,166,BL3,Golden-crowned Kinglet,Invertebrate,A,mixed,1,0,0,,LC,
7490,984,1227,96,1104,Ruby-crowned Kinglet,Roitelet à couronne rubis,Regulus calendula,Passeriformes,Regulidae,Regulus,calendula,Regulus calendula,10158,Passeriformes,Passeriformes,Reguliidae,Goldcrests and kinglets,166,BL3,Ruby-crowned Kinglet,Invertebrate,A,mixed,1,0,0,,LC,
7510,535,1227,226,1092,Blue-gray Gnatcatcher,Gobemoucheron gris-bleu,Polioptila caerulea,Passeriformes,Polioptilidae,Polioptila,caerulea,Polioptila caerulea,9801,Passeriformes,Passeriformes,Polioptilidae,Gnatcatchers,172,BL3,Blue-grey Gnatcatcher,Invertebrate,A,mixed,1,0,0,,LC,
7520,1199,1227,10,1094,Black-tailed Gnatcatcher,Gobemoucheron à queue noire,Polioptila melanura,Passeriformes,Polioptilidae,Polioptila,melanura,Polioptila melanura,9803,Passeriformes,Passeriformes,Polioptilidae,Gnatcatchers,172,BL3,Black-tailed Gnatcatcher,Invertebrate,A,mixed,1,0,0,,LC,
7540,1085,1227,16,1137,Townsend's Solitaire,Solitaire de Townsend,Myadestes townsendi,Passeriformes,Turdidae,Myadestes,townsendi,Myadestes townsendi,8880,Passeriformes,Passeriformes,Turdidae,Thrushes,178,BL3,Townsend's Solitaire,Omnivore,A,midhigh,1,0,0,,LC,
7550,560,1227,342,1150,Wood Thrush,Grive des bois,Hylocichla mustelina,Passeriformes,Turdidae,Hylocichla,mustelina,Hylocichla mustelina,8910,Passeriformes,Passeriformes,Turdidae,Thrushes,178,BL3,Wood Thrush,Invertebrate,A,ground,1,0,0,,LC,
7560,837,1227,199,1145,Veery,Grive fauve,Catharus fuscescens,Passeriformes,Turdidae,Catharus,fuscescens,Catharus fuscescens,8902,Passeriformes,Passeriformes,Turdidae,Thrushes,178,BL3,Veery,Omnivore,A,ground,1,0,0,,LC,
7570,1202,1227,8,1146,Gray-cheeked Thrush,Grive à joues grises,Catharus minimus,Passeriformes,Turdidae,Catharus,minimus,Catharus minimus,8903,Passeriformes,Passeriformes,Turdidae,Thrushes,178,BL3,Grey-cheeked Thrush,Invertebrate,A,ground,1,0,0,,LC,
7580,952,1227,122,1148,Swainson's Thrush,Grive à dos olive,Catharus ustulatus,Passeriformes,Turdidae,Catharus,ustulatus,Catharus ustulatus,8906,Passeriformes,Passeriformes,Turdidae,Thrushes,178,BL3,Swainson's Thrush,Invertebrate,A,mixed,1,0,0,,LC,
7590,812,1227,179,1149,Hermit Thrush,Grive solitaire,Catharus guttatus,Passeriformes,Turdidae,Catharus,guttatus,Catharus guttatus,8909,Passeriformes,Passeriformes,Turdidae,Thrushes,178,BL3,Hermit Thrush,Invertebrate,A,mixed,1,0,0,,LC,
7610,105,1227,976,1163,American Robin,Merle d'Amérique,Turdus migratorius,Passeriformes,Turdidae,Turdus,migratorius,Turdus migratorius,9007,Passeriformes,Passeriformes,Turdidae,Thrushes,178,BL3,American Robin,Omnivore,A,mixed,1,0,0,,LC,
7630,1143,1227,36,1165,Varied Thrush,Grive à collier,Ixoreus naevius,Passeriformes,Turdidae,Ixoreus,naevius,Ixoreus naevius,8836,Passeriformes,Passeriformes,Turdidae,Thrushes,178,BL3,Zoothera naevia,FruiNect,A,ground,1,0,0,,LC,
7660,412,1227,412,1134,Eastern Bluebird,Merlebleu de l'Est,Sialia sialis,Passeriformes,Turdidae,Sialia,sialis,Sialia sialis,8871,Passeriformes,Passeriformes,Turdidae,Thrushes,178,BL3,Eastern Bluebird,Invertebrate,A,ground,1,0,0,,LC,
7670,1098,1227,25,1135,Western Bluebird,Merlebleu de l'Ouest,Sialia mexicana,Passeriformes,Turdidae,Sialia,mexicana,Sialia mexicana,8872,Passeriformes,Passeriformes,Turdidae,Thrushes,178,BL3,Western Bluebird,Invertebrate,A,ground,1,0,0,,LC,
7680,1028,1227,61,1136,Mountain Bluebird,Merlebleu azuré,Sialia currucoides,Passeriformes,Turdidae,Sialia,currucoides,Sialia currucoides,8873,Passeriformes,Passeriformes,Turdidae,Thrushes,178,BL3,Mountain Bluebird,Invertebrate,A,ground,1,0,0,,LC,
22860,671,1227,13,142,Eurasian Collared-Dove,Tourterelle turque,Streptopelia decaocto,Columbiformes,Columbidae,Streptopelia,decaocto,Streptopelia decaocto,3391,Nonpasseriformes,Columbiformes,Columbidae,Doves and pigeons,65,BL3,Eurasian Collared-dove,PlantSeed,A,ground,1,0,0,,LC,
